[
    {
        "model": "vng_api_common.jwtsecret",
        "pk": 1,
        "fields": {
            "identifier": "test-vcr",
            "secret": "test-vcr"
        }
    },
    {
        "model": "authorizations.applicatie",
        "pk": 1,
        "fields": {
            "uuid": "72320633-898b-419c-be94-ce8e7800b021",
            "client_ids": "[\"test-vcr\"]",
            "label": "VCR test",
            "heeft_alle_autorisaties": true
        }
    },
    {
        "model": "zaken.zaakidentificatie",
        "pk": 1,
        "fields": {
            "identificatie": "ZAAK_3",
            "bronorganisatie": "610345874"
        }
    },
    {
        "model": "zaken.zaakidentificatie",
        "pk": 2,
        "fields": {
            "identificatie": "ZAAK_4",
            "bronorganisatie": "137629485"
        }
    },
    {
        "model": "zaken.zaakidentificatie",
        "pk": 3,
        "fields": {
            "identificatie": "ZAAK_5",
            "bronorganisatie": "291084357"
        }
    },
    {
        "model": "zaken.zaakidentificatie",
        "pk": 4,
        "fields": {
            "identificatie": "ZAAK_6",
            "bronorganisatie": "854069276"
        }
    },
    {
        "model": "zaken.zaakidentificatie",
        "pk": 5,
        "fields": {
            "identificatie": "ZAAK_7",
            "bronorganisatie": "408276939"
        }
    },
    {
        "model": "zaken.zaakidentificatie",
        "pk": 6,
        "fields": {
            "identificatie": "ZAAK_8",
            "bronorganisatie": "173654800"
        }
    },
    {
        "model": "zaken.zaakidentificatie",
        "pk": 7,
        "fields": {
            "identificatie": "ZAAK_9",
            "bronorganisatie": "217840358"
        }
    },
    {
        "model": "zaken.zaakidentificatie",
        "pk": 8,
        "fields": {
            "identificatie": "ZAAK_10",
            "bronorganisatie": "309816257"
        }
    },
    {
        "model": "zaken.zaakidentificatie",
        "pk": 9,
        "fields": {
            "identificatie": "ZAAK_11",
            "bronorganisatie": "920416834"
        }
    },
    {
        "model": "zaken.zaak",
        "pk": 1,
        "fields": {
            "_etag": "",
            "uuid": "dd1ba262-6f75-4b6b-a8e1-925e7d562f93",
            "_id": null,
            "_identificatie": "",
            "_bronorganisatie": "",
            "hoofdzaak": null,
            "omschrijving": "",
            "toelichting": "",
            "_zaaktype": 1,
            "registratiedatum": "2024-07-06",
            "verantwoordelijke_organisatie": "816304579",
            "startdatum": "2024-07-04",
            "einddatum": null,
            "einddatum_gepland": null,
            "uiterlijke_einddatum_afdoening": null,
            "publicatiedatum": null,
            "producten_of_diensten": "[]",
            "communicatiekanaal": "",
            "vertrouwelijkheidaanduiding": "openbaar",
            "betalingsindicatie": "",
            "laatste_betaaldatum": null,
            "zaakgeometrie": "SRID=4326;POINT (22.382357415876882 59.03707280968559)",
            "verlenging_reden": "",
            "verlenging_duur": null,
            "opschorting_indicatie": false,
            "opschorting_reden": "",
            "selectielijstklasse": "",
            "archiefnominatie": "vernietigen",
            "archiefstatus": "nog_te_archiveren",
            "archiefactiedatum": "2024-10-10",
            "opdrachtgevende_organisatie": "",
            "processobjectaard": "",
            "startdatum_bewaartermijn": null,
            "processobject_datumkenmerk": "",
            "processobject_identificatie": "",
            "processobject_objecttype": "",
            "processobject_registratie": "",
            "communicatiekanaal_naam": "",
            "created_on": "2024-07-09T08:24:41.411Z"
        }
    },
    {
        "model": "zaken.zaak",
        "pk": 2,
        "fields": {
            "_etag": "",
            "uuid": "8b122a5b-6263-425d-9664-92516274ab14",
            "_id": null,
            "_identificatie": "",
            "_bronorganisatie": "",
            "hoofdzaak": null,
            "omschrijving": "",
            "toelichting": "",
            "_zaaktype": 1,
            "registratiedatum": "2024-07-02",
            "verantwoordelijke_organisatie": "374610952",
            "startdatum": "2024-07-01",
            "einddatum": null,
            "einddatum_gepland": null,
            "uiterlijke_einddatum_afdoening": null,
            "publicatiedatum": null,
            "producten_of_diensten": "[]",
            "communicatiekanaal": "",
            "vertrouwelijkheidaanduiding": "geheim",
            "betalingsindicatie": "",
            "laatste_betaaldatum": null,
            "zaakgeometrie": "SRID=4326;POINT (22.382357415876882 59.03707280968559)",
            "verlenging_reden": "",
            "verlenging_duur": null,
            "opschorting_indicatie": false,
            "opschorting_reden": "",
            "selectielijstklasse": "",
            "archiefnominatie": "vernietigen",
            "archiefstatus": "nog_te_archiveren",
            "archiefactiedatum": "2024-10-10",
            "opdrachtgevende_organisatie": "",
            "processobjectaard": "",
            "startdatum_bewaartermijn": null,
            "processobject_datumkenmerk": "",
            "processobject_identificatie": "",
            "processobject_objecttype": "",
            "processobject_registratie": "",
            "communicatiekanaal_naam": "",
            "created_on": "2024-07-09T08:24:41.411Z"
        }
    },
    {
        "model": "zaken.zaak",
        "pk": 3,
        "fields": {
            "_etag": "",
            "uuid": "27596544-3bfe-4102-bf65-3599f524c70e",
            "_id": null,
            "_identificatie": "",
            "_bronorganisatie": "",
            "hoofdzaak": null,
            "omschrijving": "",
            "toelichting": "",
            "_zaaktype": 1,
            "registratiedatum": "2024-07-02",
            "verantwoordelijke_organisatie": "045932864",
            "startdatum": "2024-07-05",
            "einddatum": null,
            "einddatum_gepland": null,
            "uiterlijke_einddatum_afdoening": null,
            "publicatiedatum": null,
            "producten_of_diensten": "[]",
            "communicatiekanaal": "",
            "vertrouwelijkheidaanduiding": "zeer_geheim",
            "betalingsindicatie": "",
            "laatste_betaaldatum": null,
            "zaakgeometrie": "SRID=4326;POINT (22.382357415876882 59.03707280968559)",
            "verlenging_reden": "",
            "verlenging_duur": null,
            "opschorting_indicatie": false,
            "opschorting_reden": "",
            "selectielijstklasse": "",
            "archiefnominatie": "vernietigen",
            "archiefstatus": "nog_te_archiveren",
            "archiefactiedatum": "2024-10-10",
            "opdrachtgevende_organisatie": "",
            "processobjectaard": "",
            "startdatum_bewaartermijn": null,
            "processobject_datumkenmerk": "",
            "processobject_identificatie": "",
            "processobject_objecttype": "",
            "processobject_registratie": "",
            "communicatiekanaal_naam": "",
            "created_on": "2024-07-09T08:24:41.412Z"
        }
    },
    {
        "model": "zaken.zaak",
        "pk": 4,
        "fields": {
            "_etag": "",
            "uuid": "552b3068-e75a-4c2a-aa5c-b0fd11233455",
            "_id": null,
            "_identificatie": "",
            "_bronorganisatie": "",
            "hoofdzaak": null,
            "omschrijving": "",
            "toelichting": "",
            "_zaaktype": 2,
            "registratiedatum": "2024-07-02",
            "verantwoordelijke_organisatie": "735698144",
            "startdatum": "2024-07-02",
            "einddatum": null,
            "einddatum_gepland": null,
            "uiterlijke_einddatum_afdoening": null,
            "publicatiedatum": null,
            "producten_of_diensten": "[]",
            "communicatiekanaal": "",
            "vertrouwelijkheidaanduiding": "beperkt_openbaar",
            "betalingsindicatie": "",
            "laatste_betaaldatum": null,
            "zaakgeometrie": "SRID=4326;POINT (37.532256371904246 81.36577958653682)",
            "verlenging_reden": "",
            "verlenging_duur": null,
            "opschorting_indicatie": false,
            "opschorting_reden": "",
            "selectielijstklasse": "",
            "archiefnominatie": "vernietigen",
            "archiefstatus": "nog_te_archiveren",
            "archiefactiedatum": "2024-10-10",
            "opdrachtgevende_organisatie": "",
            "processobjectaard": "",
            "startdatum_bewaartermijn": null,
            "processobject_datumkenmerk": "",
            "processobject_identificatie": "",
            "processobject_objecttype": "",
            "processobject_registratie": "",
            "communicatiekanaal_naam": "",
            "created_on": "2024-07-09T08:24:41.432Z"
        }
    },
    {
        "model": "zaken.zaak",
        "pk": 5,
        "fields": {
            "_etag": "",
            "uuid": "f02254c3-ff7c-4d80-911e-7b9d5c640ed2",
            "_id": null,
            "_identificatie": "",
            "_bronorganisatie": "",
            "hoofdzaak": null,
            "omschrijving": "",
            "toelichting": "",
            "_zaaktype": 2,
            "registratiedatum": "2024-07-08",
            "verantwoordelijke_organisatie": "708156423",
            "startdatum": "2024-07-07",
            "einddatum": null,
            "einddatum_gepland": null,
            "uiterlijke_einddatum_afdoening": null,
            "publicatiedatum": null,
            "producten_of_diensten": "[]",
            "communicatiekanaal": "",
            "vertrouwelijkheidaanduiding": "geheim",
            "betalingsindicatie": "",
            "laatste_betaaldatum": null,
            "zaakgeometrie": "SRID=4326;POINT (37.532256371904246 81.36577958653682)",
            "verlenging_reden": "",
            "verlenging_duur": null,
            "opschorting_indicatie": false,
            "opschorting_reden": "",
            "selectielijstklasse": "",
            "archiefnominatie": "vernietigen",
            "archiefstatus": "nog_te_archiveren",
            "archiefactiedatum": "2024-10-10",
            "opdrachtgevende_organisatie": "",
            "processobjectaard": "",
            "startdatum_bewaartermijn": null,
            "processobject_datumkenmerk": "",
            "processobject_identificatie": "",
            "processobject_objecttype": "",
            "processobject_registratie": "",
            "communicatiekanaal_naam": "",
            "created_on": "2024-07-09T08:24:41.432Z"
        }
    },
    {
        "model": "zaken.zaak",
        "pk": 6,
        "fields": {
            "_etag": "",
            "uuid": "66bee62b-a146-4a79-a385-d10f8377260a",
            "_id": null,
            "_identificatie": "",
            "_bronorganisatie": "",
            "hoofdzaak": null,
            "omschrijving": "",
            "toelichting": "",
            "_zaaktype": 2,
            "registratiedatum": "2024-07-01",
            "verantwoordelijke_organisatie": "841725366",
            "startdatum": "2024-07-06",
            "einddatum": null,
            "einddatum_gepland": null,
            "uiterlijke_einddatum_afdoening": null,
            "publicatiedatum": null,
            "producten_of_diensten": "[]",
            "communicatiekanaal": "",
            "vertrouwelijkheidaanduiding": "intern",
            "betalingsindicatie": "",
            "laatste_betaaldatum": null,
            "zaakgeometrie": "SRID=4326;POINT (37.532256371904246 81.36577958653682)",
            "verlenging_reden": "",
            "verlenging_duur": null,
            "opschorting_indicatie": false,
            "opschorting_reden": "",
            "selectielijstklasse": "",
            "archiefnominatie": "vernietigen",
            "archiefstatus": "nog_te_archiveren",
            "archiefactiedatum": "2024-10-10",
            "opdrachtgevende_organisatie": "",
            "processobjectaard": "",
            "startdatum_bewaartermijn": null,
            "processobject_datumkenmerk": "",
            "processobject_identificatie": "",
            "processobject_objecttype": "",
            "processobject_registratie": "",
            "communicatiekanaal_naam": "",
            "created_on": "2024-07-09T08:24:41.433Z"
        }
    },
    {
        "model": "zaken.zaak",
        "pk": 7,
        "fields": {
            "_etag": "",
            "uuid": "e1a5759b-373a-4156-91f1-118053837257",
            "_id": null,
            "_identificatie": "",
            "_bronorganisatie": "",
            "hoofdzaak": null,
            "omschrijving": "",
            "toelichting": "",
            "_zaaktype": 3,
            "registratiedatum": "2024-07-01",
            "verantwoordelijke_organisatie": "489673120",
            "startdatum": "2024-07-04",
            "einddatum": null,
            "einddatum_gepland": null,
            "uiterlijke_einddatum_afdoening": null,
            "publicatiedatum": null,
            "producten_of_diensten": "[]",
            "communicatiekanaal": "",
            "vertrouwelijkheidaanduiding": "zeer_geheim",
            "betalingsindicatie": "",
            "laatste_betaaldatum": null,
            "zaakgeometrie": "SRID=4326;POINT (2.7445641955866034 61.802263729956096)",
            "verlenging_reden": "",
            "verlenging_duur": null,
            "opschorting_indicatie": false,
            "opschorting_reden": "",
            "selectielijstklasse": "",
            "archiefnominatie": "vernietigen",
            "archiefstatus": "nog_te_archiveren",
            "archiefactiedatum": "2024-10-10",
            "opdrachtgevende_organisatie": "",
            "processobjectaard": "",
            "startdatum_bewaartermijn": null,
            "processobject_datumkenmerk": "",
            "processobject_identificatie": "",
            "processobject_objecttype": "",
            "processobject_registratie": "",
            "communicatiekanaal_naam": "",
            "created_on": "2024-07-09T08:24:41.444Z"
        }
    },
    {
        "model": "zaken.zaak",
        "pk": 8,
        "fields": {
            "_etag": "5fd54a006a2bdcd742f477be2f3ba733",
            "uuid": "01483422-576d-468f-9233-47293aba7c89",
            "_id": null,
            "_identificatie": "",
            "_bronorganisatie": "",
            "hoofdzaak": null,
            "omschrijving": "",
            "toelichting": "",
            "_zaaktype": 3,
            "registratiedatum": "2024-07-05",
            "verantwoordelijke_organisatie": "975321043",
            "startdatum": "2024-07-01",
            "einddatum": "2024-07-03",
            "einddatum_gepland": null,
            "uiterlijke_einddatum_afdoening": null,
            "publicatiedatum": null,
            "producten_of_diensten": "[]",
            "communicatiekanaal": "",
            "vertrouwelijkheidaanduiding": "geheim",
            "betalingsindicatie": "",
            "laatste_betaaldatum": null,
            "zaakgeometrie": "SRID=4326;POINT (2.744564195586603 61.80226372995608)",
            "verlenging_reden": "",
            "verlenging_duur": "P0D",
            "opschorting_indicatie": false,
            "opschorting_reden": "",
            "selectielijstklasse": "",
            "archiefnominatie": "vernietigen",
            "archiefstatus": "nog_te_archiveren",
            "archiefactiedatum": "2024-10-01",
            "opdrachtgevende_organisatie": "",
            "processobjectaard": "",
            "startdatum_bewaartermijn": null,
            "processobject_datumkenmerk": "",
            "processobject_identificatie": "",
            "processobject_objecttype": "",
            "processobject_registratie": "",
            "communicatiekanaal_naam": "",
            "created_on": "2024-07-09T08:24:41.444Z"
        }
    },
    {
        "model": "zaken.zaak",
        "pk": 9,
        "fields": {
            "_etag": "083defc52b3b27c151caa73c416f538a",
            "uuid": "141ed208-ef2d-4003-8f50-de9035f281fe",
            "_id": null,
            "_identificatie": "",
            "_bronorganisatie": "",
            "hoofdzaak": null,
            "omschrijving": "",
            "toelichting": "",
            "_zaaktype": 3,
            "registratiedatum": "2024-07-06",
            "verantwoordelijke_organisatie": "362510477",
            "startdatum": "2024-07-06",
            "einddatum": "2024-07-07",
            "einddatum_gepland": null,
            "uiterlijke_einddatum_afdoening": null,
            "publicatiedatum": null,
            "producten_of_diensten": "[]",
            "communicatiekanaal": "",
            "vertrouwelijkheidaanduiding": "zaakvertrouwelijk",
            "betalingsindicatie": "",
            "laatste_betaaldatum": null,
            "zaakgeometrie": "SRID=4326;POINT (2.744564195586603 61.80226372995608)",
            "verlenging_reden": "",
            "verlenging_duur": "P0D",
            "opschorting_indicatie": false,
            "opschorting_reden": "",
            "selectielijstklasse": "",
            "archiefnominatie": "vernietigen",
            "archiefstatus": "nog_te_archiveren",
            "archiefactiedatum": "2024-10-01",
            "opdrachtgevende_organisatie": "",
            "processobjectaard": "",
            "startdatum_bewaartermijn": null,
            "processobject_datumkenmerk": "",
            "processobject_identificatie": "",
            "processobject_objecttype": "",
            "processobject_registratie": "",
            "communicatiekanaal_naam": "",
            "created_on": "2024-07-09T08:24:41.444Z"
        }
    },
    {
        "model": "zaken.status",
        "pk": 1,
        "fields": {
            "_etag": "",
            "uuid": "8c56c2f8-1ae3-4bbb-ba2d-f14ce08297a4",
            "zaak": 1,
            "_statustype": 1,
            "datum_status_gezet": "2024-07-09T08:24:41.479Z",
            "statustoelichting": "",
            "gezetdoor": null
        }
    },
    {
        "model": "zaken.status",
        "pk": 2,
        "fields": {
            "_etag": "",
            "uuid": "ddf3b948-eeb9-47da-bc8b-4e43a44416ad",
            "zaak": 1,
            "_statustype": 2,
            "datum_status_gezet": "2024-07-10T08:24:41.479Z",
            "statustoelichting": "",
            "gezetdoor": null
        }
    },
    {
        "model": "zaken.status",
        "pk": 3,
        "fields": {
            "_etag": "",
            "uuid": "6aeb6e3b-b5c5-4296-8752-e248487f8cda",
            "zaak": 1,
            "_statustype": 3,
            "datum_status_gezet": "2024-07-11T08:24:41.480Z",
            "statustoelichting": "",
            "gezetdoor": null
        }
    },
    {
        "model": "zaken.status",
        "pk": 4,
        "fields": {
            "_etag": "",
            "uuid": "7688e053-5069-4afc-8a2c-0d54e6f56083",
            "zaak": 2,
            "_statustype": 1,
            "datum_status_gezet": "2024-07-09T08:24:41.480Z",
            "statustoelichting": "",
            "gezetdoor": null
        }
    },
    {
        "model": "zaken.status",
        "pk": 5,
        "fields": {
            "_etag": "",
            "uuid": "003b5612-b0ad-4d05-b480-b600da9c0587",
            "zaak": 2,
            "_statustype": 2,
            "datum_status_gezet": "2024-07-10T08:24:41.480Z",
            "statustoelichting": "",
            "gezetdoor": null
        }
    },
    {
        "model": "zaken.status",
        "pk": 6,
        "fields": {
            "_etag": "",
            "uuid": "9e05b430-419b-40d8-a721-d1c8adb55a4d",
            "zaak": 2,
            "_statustype": 3,
            "datum_status_gezet": "2024-07-11T08:24:41.480Z",
            "statustoelichting": "",
            "gezetdoor": null
        }
    },
    {
        "model": "zaken.status",
        "pk": 7,
        "fields": {
            "_etag": "",
            "uuid": "817dbef1-bdf8-404c-a8d4-198c8b05a504",
            "zaak": 3,
            "_statustype": 1,
            "datum_status_gezet": "2024-07-09T08:24:41.480Z",
            "statustoelichting": "",
            "gezetdoor": null
        }
    },
    {
        "model": "zaken.status",
        "pk": 8,
        "fields": {
            "_etag": "",
            "uuid": "dac0ead2-17ab-4bec-b0ff-598bfb915a2b",
            "zaak": 3,
            "_statustype": 2,
            "datum_status_gezet": "2024-07-10T08:24:41.481Z",
            "statustoelichting": "",
            "gezetdoor": null
        }
    },
    {
        "model": "zaken.status",
        "pk": 9,
        "fields": {
            "_etag": "",
            "uuid": "aab507dc-6326-415f-98b1-48ae06d2aec9",
            "zaak": 3,
            "_statustype": 3,
            "datum_status_gezet": "2024-07-11T08:24:41.481Z",
            "statustoelichting": "",
            "gezetdoor": null
        }
    },
    {
        "model": "zaken.status",
        "pk": 10,
        "fields": {
            "_etag": "",
            "uuid": "33961b7d-de55-4721-9758-742a0f41032f",
            "zaak": 4,
            "_statustype": 4,
            "datum_status_gezet": "2024-07-09T08:24:41.481Z",
            "statustoelichting": "",
            "gezetdoor": null
        }
    },
    {
        "model": "zaken.status",
        "pk": 11,
        "fields": {
            "_etag": "",
            "uuid": "fdc9b5ab-4ae9-45db-b36f-4ba74d6806aa",
            "zaak": 4,
            "_statustype": 5,
            "datum_status_gezet": "2024-07-10T08:24:41.481Z",
            "statustoelichting": "",
            "gezetdoor": null
        }
    },
    {
        "model": "zaken.status",
        "pk": 12,
        "fields": {
            "_etag": "",
            "uuid": "de436aaf-b348-42e4-a850-e86dca837468",
            "zaak": 4,
            "_statustype": 6,
            "datum_status_gezet": "2024-07-11T08:24:41.481Z",
            "statustoelichting": "",
            "gezetdoor": null
        }
    },
    {
        "model": "zaken.status",
        "pk": 13,
        "fields": {
            "_etag": "",
            "uuid": "2bc43125-9a3d-4308-9fd5-2be4d3950798",
            "zaak": 5,
            "_statustype": 4,
            "datum_status_gezet": "2024-07-09T08:24:41.482Z",
            "statustoelichting": "",
            "gezetdoor": null
        }
    },
    {
        "model": "zaken.status",
        "pk": 14,
        "fields": {
            "_etag": "",
            "uuid": "f6f60565-6863-4ecc-9f65-965dc8a72ae2",
            "zaak": 5,
            "_statustype": 5,
            "datum_status_gezet": "2024-07-10T08:24:41.482Z",
            "statustoelichting": "",
            "gezetdoor": null
        }
    },
    {
        "model": "zaken.status",
        "pk": 15,
        "fields": {
            "_etag": "",
            "uuid": "69785f0d-f3a9-464b-8932-d5b7f8bc295e",
            "zaak": 5,
            "_statustype": 6,
            "datum_status_gezet": "2024-07-11T08:24:41.482Z",
            "statustoelichting": "",
            "gezetdoor": null
        }
    },
    {
        "model": "zaken.status",
        "pk": 16,
        "fields": {
            "_etag": "",
            "uuid": "0b014706-8f24-4cf4-9749-ce1f33a3a742",
            "zaak": 6,
            "_statustype": 4,
            "datum_status_gezet": "2024-07-09T08:24:41.482Z",
            "statustoelichting": "",
            "gezetdoor": null
        }
    },
    {
        "model": "zaken.status",
        "pk": 17,
        "fields": {
            "_etag": "",
            "uuid": "3c7df2b4-6247-48dd-a63a-d377ebcd1f19",
            "zaak": 6,
            "_statustype": 5,
            "datum_status_gezet": "2024-07-10T08:24:41.482Z",
            "statustoelichting": "",
            "gezetdoor": null
        }
    },
    {
        "model": "zaken.status",
        "pk": 18,
        "fields": {
            "_etag": "",
            "uuid": "161ad835-4585-4922-b40a-010e7ccea866",
            "zaak": 6,
            "_statustype": 6,
            "datum_status_gezet": "2024-07-11T08:24:41.482Z",
            "statustoelichting": "",
            "gezetdoor": null
        }
    },
    {
        "model": "zaken.status",
        "pk": 19,
        "fields": {
            "_etag": "",
            "uuid": "22ecd722-a933-4603-9f0e-8cae66744bf6",
            "zaak": 7,
            "_statustype": 7,
            "datum_status_gezet": "2024-07-09T08:24:41.483Z",
            "statustoelichting": "",
            "gezetdoor": null
        }
    },
    {
        "model": "zaken.status",
        "pk": 20,
        "fields": {
            "_etag": "",
            "uuid": "0c403698-1885-4f10-9785-b46ae62aec68",
            "zaak": 7,
            "_statustype": 8,
            "datum_status_gezet": "2024-07-10T08:24:41.483Z",
            "statustoelichting": "",
            "gezetdoor": null
        }
    },
    {
        "model": "zaken.status",
        "pk": 21,
        "fields": {
            "_etag": "",
            "uuid": "516574c6-407d-40a2-a65e-834dcba8fcf5",
            "zaak": 7,
            "_statustype": 9,
            "datum_status_gezet": "2024-07-11T08:24:41.483Z",
            "statustoelichting": "",
            "gezetdoor": null
        }
    },
    {
        "model": "zaken.status",
        "pk": 22,
        "fields": {
            "_etag": "f45ddd23e14294ed8c82f702b4faa4a1",
            "uuid": "fdc4b551-5966-4498-ac90-7797c4e78169",
            "zaak": 8,
            "_statustype": 7,
            "datum_status_gezet": "2024-07-09T08:24:41.483Z",
            "statustoelichting": "",
            "gezetdoor": null
        }
    },
    {
        "model": "zaken.status",
        "pk": 23,
        "fields": {
            "_etag": "fcd188beb9edf0de12ac4cc7afb2b303",
            "uuid": "17f2d464-0e89-4f63-956e-379b62f4c63e",
            "zaak": 8,
            "_statustype": 8,
            "datum_status_gezet": "2024-07-10T08:24:41.483Z",
            "statustoelichting": "",
            "gezetdoor": null
        }
    },
    {
        "model": "zaken.status",
        "pk": 24,
        "fields": {
            "_etag": "fc4a5350effa42aa72550c6ad09970b6",
            "uuid": "2155bb2f-a0d4-4423-9b68-86e0249fb4e0",
            "zaak": 8,
            "_statustype": 9,
            "datum_status_gezet": "2024-07-11T08:24:41.484Z",
            "statustoelichting": "",
            "gezetdoor": null
        }
    },
    {
        "model": "zaken.status",
        "pk": 25,
        "fields": {
            "_etag": "1f389a6c571a2e7dc18b634b6ec3aee7",
            "uuid": "e827dcab-ad62-4422-91c4-957b1244af80",
            "zaak": 9,
            "_statustype": 7,
            "datum_status_gezet": "2024-07-09T08:24:41.484Z",
            "statustoelichting": "",
            "gezetdoor": null
        }
    },
    {
        "model": "zaken.status",
        "pk": 26,
        "fields": {
            "_etag": "ad6ac550c942bc91ccdf1a507bc3ec3f",
            "uuid": "6d65c7b2-62ee-4720-8494-bf7b9be38555",
            "zaak": 9,
            "_statustype": 8,
            "datum_status_gezet": "2024-07-10T08:24:41.484Z",
            "statustoelichting": "",
            "gezetdoor": null
        }
    },
    {
        "model": "zaken.status",
        "pk": 27,
        "fields": {
            "_etag": "e5c42783c6924cc34ad71abda61cb967",
            "uuid": "8604b778-9134-4f33-9078-e13876d9c814",
            "zaak": 9,
            "_statustype": 9,
            "datum_status_gezet": "2024-07-11T08:24:41.484Z",
            "statustoelichting": "",
            "gezetdoor": null
        }
    },
    {
        "model": "zaken.resultaat",
        "pk": 1,
        "fields": {
            "_etag": "",
            "uuid": "e6da38cd-0d0f-4929-b41b-9d2a9122d132",
            "zaak": 1,
            "_resultaattype": 2,
            "toelichting": ""
        }
    },
    {
        "model": "zaken.resultaat",
        "pk": 2,
        "fields": {
            "_etag": "",
            "uuid": "45fc4fe0-4156-4e28-a367-ac8e8129a830",
            "zaak": 2,
            "_resultaattype": 1,
            "toelichting": ""
        }
    },
    {
        "model": "zaken.resultaat",
        "pk": 3,
        "fields": {
            "_etag": "",
            "uuid": "bc43c761-4c62-401f-ad7f-3f6487dd2c95",
            "zaak": 3,
            "_resultaattype": 1,
            "toelichting": ""
        }
    },
    {
        "model": "zaken.resultaat",
        "pk": 4,
        "fields": {
            "_etag": "",
            "uuid": "7517d878-866c-43d7-9874-29836d118f06",
            "zaak": 4,
            "_resultaattype": 4,
            "toelichting": ""
        }
    },
    {
        "model": "zaken.resultaat",
        "pk": 5,
        "fields": {
            "_etag": "",
            "uuid": "add96c92-c874-4aa2-8dcd-003c02ac024d",
            "zaak": 5,
            "_resultaattype": 3,
            "toelichting": ""
        }
    },
    {
        "model": "zaken.resultaat",
        "pk": 6,
        "fields": {
            "_etag": "",
            "uuid": "43feeacf-7116-4b52-9b1c-6e82e3d90bb0",
            "zaak": 6,
            "_resultaattype": 3,
            "toelichting": ""
        }
    },
    {
        "model": "zaken.resultaat",
        "pk": 7,
        "fields": {
            "_etag": "",
            "uuid": "d1e1cbfd-e4e9-4368-b981-03aa720f91cf",
            "zaak": 7,
            "_resultaattype": 6,
            "toelichting": ""
        }
    },
    {
        "model": "zaken.resultaat",
        "pk": 8,
        "fields": {
            "_etag": "bbda860db639035cee76dcf2a1c2a2c1",
            "uuid": "693da061-b670-4af2-a5b6-d7bf193d5d0c",
            "zaak": 8,
            "_resultaattype": 5,
            "toelichting": ""
        }
    },
    {
        "model": "zaken.resultaat",
        "pk": 9,
        "fields": {
            "_etag": "a70afa14a05a19c4c8a5015eb3cfab79",
            "uuid": "64f538de-a592-45cf-ba51-db3aeb5a4378",
            "zaak": 9,
            "_resultaattype": 6,
            "toelichting": ""
        }
    },
    {
        "model": "zaken.rol",
        "pk": 1,
        "fields": {
            "_etag": "",
            "uuid": "62022ea4-da8b-494c-9ac8-44b11062cbf1",
            "zaak": 1,
            "betrokkene": "https://www.porter.com/",
            "betrokkene_type": "organisatorische_eenheid",
            "afwijkende_naam_betrokkene": "",
            "_roltype": 1,
            "omschrijving": "its",
            "omschrijving_generiek": "klantcontacter",
            "roltoelichting": "",
            "registratiedatum": "2024-07-09T08:24:41.538Z",
            "indicatie_machtiging": "",
            "contactpersoon_rol_emailadres": "",
            "contactpersoon_rol_functie": "",
            "contactpersoon_rol_telefoonnummer": "",
            "contactpersoon_rol_naam": ""
        }
    },
    {
        "model": "zaken.rol",
        "pk": 2,
        "fields": {
            "_etag": "",
            "uuid": "f386e175-ed53-4dd2-8c6c-b43d2763766e",
            "zaak": 2,
            "betrokkene": "http://baker.net/",
            "betrokkene_type": "niet_natuurlijk_persoon",
            "afwijkende_naam_betrokkene": "",
            "_roltype": 1,
            "omschrijving": "dinner",
            "omschrijving_generiek": "zaakcoordinator",
            "roltoelichting": "",
            "registratiedatum": "2024-07-09T08:24:41.538Z",
            "indicatie_machtiging": "",
            "contactpersoon_rol_emailadres": "",
            "contactpersoon_rol_functie": "",
            "contactpersoon_rol_telefoonnummer": "",
            "contactpersoon_rol_naam": ""
        }
    },
    {
        "model": "zaken.rol",
        "pk": 3,
        "fields": {
            "_etag": "",
            "uuid": "1213d123-1aeb-4a68-a094-9ccbe864709c",
            "zaak": 3,
            "betrokkene": "http://www.carey-frank.com/",
            "betrokkene_type": "vestiging",
            "afwijkende_naam_betrokkene": "",
            "_roltype": 1,
            "omschrijving": "moment",
            "omschrijving_generiek": "initiator",
            "roltoelichting": "",
            "registratiedatum": "2024-07-09T08:24:41.538Z",
            "indicatie_machtiging": "",
            "contactpersoon_rol_emailadres": "",
            "contactpersoon_rol_functie": "",
            "contactpersoon_rol_telefoonnummer": "",
            "contactpersoon_rol_naam": ""
        }
    },
    {
        "model": "zaken.rol",
        "pk": 4,
        "fields": {
            "_etag": "",
            "uuid": "9a00286f-a863-4de5-a02e-efe918b61e0e",
            "zaak": 4,
            "betrokkene": "https://www.hernandez-walker.com/",
            "betrokkene_type": "natuurlijk_persoon",
            "afwijkende_naam_betrokkene": "",
            "_roltype": 2,
            "omschrijving": "me",
            "omschrijving_generiek": "mede_initiator",
            "roltoelichting": "",
            "registratiedatum": "2024-07-09T08:24:41.538Z",
            "indicatie_machtiging": "",
            "contactpersoon_rol_emailadres": "",
            "contactpersoon_rol_functie": "",
            "contactpersoon_rol_telefoonnummer": "",
            "contactpersoon_rol_naam": ""
        }
    },
    {
        "model": "zaken.rol",
        "pk": 5,
        "fields": {
            "_etag": "",
            "uuid": "3958853f-01d3-443e-b019-28f22087883c",
            "zaak": 5,
            "betrokkene": "http://fox.com/",
            "betrokkene_type": "natuurlijk_persoon",
            "afwijkende_naam_betrokkene": "",
            "_roltype": 2,
            "omschrijving": "effect",
            "omschrijving_generiek": "klantcontacter",
            "roltoelichting": "",
            "registratiedatum": "2024-07-09T08:24:41.538Z",
            "indicatie_machtiging": "",
            "contactpersoon_rol_emailadres": "",
            "contactpersoon_rol_functie": "",
            "contactpersoon_rol_telefoonnummer": "",
            "contactpersoon_rol_naam": ""
        }
    },
    {
        "model": "zaken.rol",
        "pk": 6,
        "fields": {
            "_etag": "",
            "uuid": "1244c9aa-9f2a-4ec2-a330-221debb78e0b",
            "zaak": 6,
            "betrokkene": "https://www.jackson-long.com/",
            "betrokkene_type": "medewerker",
            "afwijkende_naam_betrokkene": "",
            "_roltype": 2,
            "omschrijving": "fact",
            "omschrijving_generiek": "adviseur",
            "roltoelichting": "",
            "registratiedatum": "2024-07-09T08:24:41.538Z",
            "indicatie_machtiging": "",
            "contactpersoon_rol_emailadres": "",
            "contactpersoon_rol_functie": "",
            "contactpersoon_rol_telefoonnummer": "",
            "contactpersoon_rol_naam": ""
        }
    },
    {
        "model": "zaken.rol",
        "pk": 7,
        "fields": {
            "_etag": "",
            "uuid": "4bfea3ad-1cf1-4efa-b2c0-98650fd5dce1",
            "zaak": 7,
            "betrokkene": "https://foster-olson.com/",
            "betrokkene_type": "vestiging",
            "afwijkende_naam_betrokkene": "",
            "_roltype": 3,
            "omschrijving": "general",
            "omschrijving_generiek": "adviseur",
            "roltoelichting": "",
            "registratiedatum": "2024-07-09T08:24:41.538Z",
            "indicatie_machtiging": "",
            "contactpersoon_rol_emailadres": "",
            "contactpersoon_rol_functie": "",
            "contactpersoon_rol_telefoonnummer": "",
            "contactpersoon_rol_naam": ""
        }
    },
    {
        "model": "zaken.rol",
        "pk": 8,
        "fields": {
            "_etag": "2757e2d628742ecde65259ff192413d7",
            "uuid": "18c79432-a584-4147-b852-75eef1bcbbf1",
            "zaak": 8,
            "betrokkene": "http://www.banks-allen.com/",
            "betrokkene_type": "medewerker",
            "afwijkende_naam_betrokkene": "",
            "_roltype": 3,
            "omschrijving": "imagine",
            "omschrijving_generiek": "initiator",
            "roltoelichting": "",
            "registratiedatum": "2024-07-09T08:24:41.538Z",
            "indicatie_machtiging": "",
            "contactpersoon_rol_emailadres": "",
            "contactpersoon_rol_functie": "",
            "contactpersoon_rol_telefoonnummer": "",
            "contactpersoon_rol_naam": ""
        }
    },
    {
        "model": "zaken.rol",
        "pk": 9,
        "fields": {
            "_etag": "5f5faf58c572eb2a336b7d3f68931140",
            "uuid": "5cc04841-2655-494a-b4a8-1d6f413f9514",
            "zaak": 9,
            "betrokkene": "http://smith.com/",
            "betrokkene_type": "niet_natuurlijk_persoon",
            "afwijkende_naam_betrokkene": "",
            "_roltype": 3,
            "omschrijving": "smile",
            "omschrijving_generiek": "behandelaar",
            "roltoelichting": "",
            "registratiedatum": "2024-07-09T08:24:41.538Z",
            "indicatie_machtiging": "",
            "contactpersoon_rol_emailadres": "",
            "contactpersoon_rol_functie": "",
            "contactpersoon_rol_telefoonnummer": "",
            "contactpersoon_rol_naam": ""
        }
    },
    {
        "model": "zaken.zaakobject",
        "pk": 1,
        "fields": {
            "uuid": "577a7c52-f0d4-4e7c-a6da-b38825ba274c",
            "zaak": 1,
            "object": "http://www.mendez.com/",
            "relatieomschrijving": "",
            "object_type": "wegdeel",
            "object_type_overige": "",
            "object_type_overige_definitie": null,
            "_zaakobjecttype_base_url": null,
            "_zaakobjecttype_relative_url": null,
            "_zaakobjecttype_url": null,
            "_zaakobjecttype": null,
            "zaakobjecttype": null
        }
    },
    {
        "model": "zaken.zaakobject",
        "pk": 2,
        "fields": {
            "uuid": "24af972f-66d4-4813-87ea-f06b10599bb5",
            "zaak": 2,
            "object": "https://www.scott.com/",
            "relatieomschrijving": "",
            "object_type": "vestiging",
            "object_type_overige": "",
            "object_type_overige_definitie": null,
            "_zaakobjecttype_base_url": null,
            "_zaakobjecttype_relative_url": null,
            "_zaakobjecttype_url": null,
            "_zaakobjecttype": null,
            "zaakobjecttype": null
        }
    },
    {
        "model": "zaken.zaakobject",
        "pk": 3,
        "fields": {
            "uuid": "5f24df28-974b-4882-b2b4-4cac94a2114c",
            "zaak": 3,
            "object": "https://www.harris-sanchez.org/",
            "relatieomschrijving": "",
            "object_type": "natuurlijk_persoon",
            "object_type_overige": "",
            "object_type_overige_definitie": null,
            "_zaakobjecttype_base_url": null,
            "_zaakobjecttype_relative_url": null,
            "_zaakobjecttype_url": null,
            "_zaakobjecttype": null,
            "zaakobjecttype": null
        }
    },
    {
        "model": "zaken.zaakobject",
        "pk": 4,
        "fields": {
            "uuid": "4ede3fc6-026e-4ff6-9ee7-14df96dde0ea",
            "zaak": 4,
            "object": "http://www.mccall.com/",
            "relatieomschrijving": "",
            "object_type": "medewerker",
            "object_type_overige": "",
            "object_type_overige_definitie": null,
            "_zaakobjecttype_base_url": null,
            "_zaakobjecttype_relative_url": null,
            "_zaakobjecttype_url": null,
            "_zaakobjecttype": null,
            "zaakobjecttype": null
        }
    },
    {
        "model": "zaken.zaakobject",
        "pk": 5,
        "fields": {
            "uuid": "539d5b5d-0de7-4b01-99b0-ff06bed0064f",
            "zaak": 5,
            "object": "http://dominguez.biz/",
            "relatieomschrijving": "",
            "object_type": "kadastrale_onroerende_zaak",
            "object_type_overige": "",
            "object_type_overige_definitie": null,
            "_zaakobjecttype_base_url": null,
            "_zaakobjecttype_relative_url": null,
            "_zaakobjecttype_url": null,
            "_zaakobjecttype": null,
            "zaakobjecttype": null
        }
    },
    {
        "model": "zaken.zaakobject",
        "pk": 6,
        "fields": {
            "uuid": "5b9d35ff-d663-4664-877e-3b75ba89c2ea",
            "zaak": 6,
            "object": "http://www.thomas.net/",
            "relatieomschrijving": "",
            "object_type": "medewerker",
            "object_type_overige": "",
            "object_type_overige_definitie": null,
            "_zaakobjecttype_base_url": null,
            "_zaakobjecttype_relative_url": null,
            "_zaakobjecttype_url": null,
            "_zaakobjecttype": null,
            "zaakobjecttype": null
        }
    },
    {
        "model": "zaken.zaakobject",
        "pk": 7,
        "fields": {
            "uuid": "b3f16841-fe55-4b1a-b21c-fc9767e1280d",
            "zaak": 7,
            "object": "http://www.herring-phillips.org/",
            "relatieomschrijving": "",
            "object_type": "woz_deelobject",
            "object_type_overige": "",
            "object_type_overige_definitie": null,
            "_zaakobjecttype_base_url": null,
            "_zaakobjecttype_relative_url": null,
            "_zaakobjecttype_url": null,
            "_zaakobjecttype": null,
            "zaakobjecttype": null
        }
    },
    {
        "model": "zaken.zaakobject",
        "pk": 8,
        "fields": {
            "uuid": "5fd473d8-9694-4168-a0e0-c60cb7d85976",
            "zaak": 8,
            "object": "http://porter.com/",
            "relatieomschrijving": "",
            "object_type": "inrichtingselement",
            "object_type_overige": "",
            "object_type_overige_definitie": null,
            "_zaakobjecttype_base_url": null,
            "_zaakobjecttype_relative_url": null,
            "_zaakobjecttype_url": null,
            "_zaakobjecttype": null,
            "zaakobjecttype": null
        }
    },
    {
        "model": "zaken.zaakobject",
        "pk": 9,
        "fields": {
            "uuid": "53a605c8-6ac3-48e9-abdb-570e1163cace",
            "zaak": 9,
            "object": "https://logan-obrien.com/",
            "relatieomschrijving": "",
            "object_type": "natuurlijk_persoon",
            "object_type_overige": "",
            "object_type_overige_definitie": null,
            "_zaakobjecttype_base_url": null,
            "_zaakobjecttype_relative_url": null,
            "_zaakobjecttype_url": null,
            "_zaakobjecttype": null,
            "zaakobjecttype": null
        }
    },
    {
        "model": "zaken.zaakeigenschap",
        "pk": 1,
        "fields": {
            "_etag": "",
            "uuid": "9b908dca-76d6-4dfd-a659-d55c7753d344",
            "zaak": 1,
            "_eigenschap": 1,
            "_naam": "and",
            "waarde": "remain"
        }
    },
    {
        "model": "zaken.zaakeigenschap",
        "pk": 2,
        "fields": {
            "_etag": "",
            "uuid": "113732ec-ad58-4a03-99ee-f08f35310a13",
            "zaak": 2,
            "_eigenschap": 1,
            "_naam": "drop",
            "waarde": "ground"
        }
    },
    {
        "model": "zaken.zaakeigenschap",
        "pk": 3,
        "fields": {
            "_etag": "",
            "uuid": "b0da6f57-ba47-4be0-87e8-13fd5ae659f4",
            "zaak": 3,
            "_eigenschap": 1,
            "_naam": "do",
            "waarde": "some"
        }
    },
    {
        "model": "zaken.zaakeigenschap",
        "pk": 4,
        "fields": {
            "_etag": "",
            "uuid": "f9d79dd0-0ba8-4068-a93f-a5aaa21d9cc3",
            "zaak": 4,
            "_eigenschap": 2,
            "_naam": "treatment",
            "waarde": "social"
        }
    },
    {
        "model": "zaken.zaakeigenschap",
        "pk": 5,
        "fields": {
            "_etag": "",
            "uuid": "206a1dd9-5816-45c8-800b-6465823606e4",
            "zaak": 5,
            "_eigenschap": 2,
            "_naam": "how",
            "waarde": "meet"
        }
    },
    {
        "model": "zaken.zaakeigenschap",
        "pk": 6,
        "fields": {
            "_etag": "",
            "uuid": "da00fb46-92c0-4547-a265-aa50f0fdcd1a",
            "zaak": 6,
            "_eigenschap": 2,
            "_naam": "degree",
            "waarde": "campaign"
        }
    },
    {
        "model": "zaken.zaakeigenschap",
        "pk": 7,
        "fields": {
            "_etag": "",
            "uuid": "c1724880-b891-4f9b-866f-4edb7e86175d",
            "zaak": 7,
            "_eigenschap": 3,
            "_naam": "person",
            "waarde": "general"
        }
    },
    {
        "model": "zaken.zaakeigenschap",
        "pk": 8,
        "fields": {
            "_etag": "62e5ecaada8e9508c7696780b7c776ad",
            "uuid": "a2803135-c57d-48bc-8767-f52c28845b4a",
            "zaak": 8,
            "_eigenschap": 3,
            "_naam": "probably",
            "waarde": "they"
        }
    },
    {
        "model": "zaken.zaakeigenschap",
        "pk": 9,
        "fields": {
            "_etag": "c38dff340059eac0c21d1e6100f290ee",
            "uuid": "44f71f63-88bc-4177-9d9c-f88d96ee089f",
            "zaak": 9,
            "_eigenschap": 3,
            "_naam": "car",
            "waarde": "cut"
        }
    },
    {
        "model": "zaken.zaakinformatieobject",
        "pk": 1,
        "fields": {
            "_etag": "",
            "uuid": "3a8b3395-647b-4481-a70a-d86e0c0188d3",
            "zaak": 1,
            "_informatieobject": 1,
            "aard_relatie": "",
            "titel": "",
            "beschrijving": "",
            "registratiedatum": "2024-07-09T08:24:41.705Z",
            "_objectinformatieobject_url": "",
            "vernietigingsdatum": null,
            "status": null
        }
    },
    {
        "model": "zaken.zaakinformatieobject",
        "pk": 2,
        "fields": {
            "_etag": "",
            "uuid": "97e4e2cd-f572-44a0-9732-987a820e388f",
            "zaak": 2,
            "_informatieobject": 2,
            "aard_relatie": "",
            "titel": "",
            "beschrijving": "",
            "registratiedatum": "2024-07-09T08:24:41.705Z",
            "_objectinformatieobject_url": "",
            "vernietigingsdatum": null,
            "status": null
        }
    },
    {
        "model": "zaken.zaakinformatieobject",
        "pk": 3,
        "fields": {
            "_etag": "",
            "uuid": "f2e80dc2-6a6c-47d0-a40b-6875ccf784f2",
            "zaak": 3,
            "_informatieobject": 3,
            "aard_relatie": "",
            "titel": "",
            "beschrijving": "",
            "registratiedatum": "2024-07-09T08:24:41.705Z",
            "_objectinformatieobject_url": "",
            "vernietigingsdatum": null,
            "status": null
        }
    },
    {
        "model": "zaken.zaakinformatieobject",
        "pk": 4,
        "fields": {
            "_etag": "",
            "uuid": "0bb7949a-0078-42aa-8cb1-21620275f655",
            "zaak": 4,
            "_informatieobject": 4,
            "aard_relatie": "",
            "titel": "",
            "beschrijving": "",
            "registratiedatum": "2024-07-09T08:24:41.705Z",
            "_objectinformatieobject_url": "",
            "vernietigingsdatum": null,
            "status": null
        }
    },
    {
        "model": "zaken.zaakinformatieobject",
        "pk": 5,
        "fields": {
            "_etag": "",
            "uuid": "36cbdd11-5da5-4304-b294-23ed9617c2c3",
            "zaak": 5,
            "_informatieobject": 5,
            "aard_relatie": "",
            "titel": "",
            "beschrijving": "",
            "registratiedatum": "2024-07-09T08:24:41.705Z",
            "_objectinformatieobject_url": "",
            "vernietigingsdatum": null,
            "status": null
        }
    },
    {
        "model": "zaken.zaakinformatieobject",
        "pk": 6,
        "fields": {
            "_etag": "",
            "uuid": "03543d9a-0747-4c9e-ab60-4981c12dd0e8",
            "zaak": 6,
            "_informatieobject": 6,
            "aard_relatie": "",
            "titel": "",
            "beschrijving": "",
            "registratiedatum": "2024-07-09T08:24:41.705Z",
            "_objectinformatieobject_url": "",
            "vernietigingsdatum": null,
            "status": null
        }
    },
    {
        "model": "zaken.zaakinformatieobject",
        "pk": 7,
        "fields": {
            "_etag": "",
            "uuid": "a749cbb2-2ace-47e7-b1c8-35515985d82d",
            "zaak": 7,
            "_informatieobject": 7,
            "aard_relatie": "",
            "titel": "",
            "beschrijving": "",
            "registratiedatum": "2024-07-09T08:24:41.705Z",
            "_objectinformatieobject_url": "",
            "vernietigingsdatum": null,
            "status": null
        }
    },
    {
        "model": "zaken.zaakinformatieobject",
        "pk": 8,
        "fields": {
            "_etag": "f6651aa762b1eed2aaa43bc45cab176e",
            "uuid": "c9ea4f1b-581c-4ef2-b304-d9639af79df6",
            "zaak": 8,
            "_informatieobject": 8,
            "aard_relatie": "",
            "titel": "",
            "beschrijving": "",
            "registratiedatum": "2024-07-09T08:24:41.705Z",
            "_objectinformatieobject_url": "",
            "vernietigingsdatum": null,
            "status": null
        }
    },
    {
        "model": "zaken.zaakinformatieobject",
        "pk": 9,
        "fields": {
            "_etag": "a1c118758f327403ab1ee46bf79f69b7",
            "uuid": "5baf2180-9d70-4e8f-95fb-aa3094fa0bd7",
            "zaak": 9,
            "_informatieobject": 9,
            "aard_relatie": "",
            "titel": "",
            "beschrijving": "",
            "registratiedatum": "2024-07-09T08:24:41.705Z",
            "_objectinformatieobject_url": "",
            "vernietigingsdatum": null,
            "status": null
        }
    },
    {
        "model": "besluiten.besluit",
        "pk": 1,
        "fields": {
            "_etag": "",
            "uuid": "aa7cb96c-1f6b-4e1a-9577-3e59c542d144",
            "identificatie": "BESLUIT_0",
            "verantwoordelijke_organisatie": "596270410",
            "_besluittype": 1,
            "_zaak_base_url": null,
            "_zaak_relative_url": null,
            "_zaak_url": null,
            "_zaak": null,
            "zaak": null,
            "datum": "2021-06-19",
            "toelichting": "",
            "bestuursorgaan": "",
            "ingangsdatum": "2016-06-01",
            "vervaldatum": null,
            "vervalreden": "",
            "publicatiedatum": null,
            "verzenddatum": null,
            "uiterlijke_reactiedatum": null,
            "_zaakbesluit_url": ""
        }
    },
    {
        "model": "besluiten.besluit",
        "pk": 2,
        "fields": {
            "_etag": "",
            "uuid": "8e744afc-9d93-4691-8e92-35ab06857312",
            "identificatie": "BESLUIT_1",
            "verantwoordelijke_organisatie": "704693811",
            "_besluittype": 1,
            "_zaak_base_url": null,
            "_zaak_relative_url": null,
            "_zaak_url": null,
            "_zaak": null,
            "zaak": null,
            "datum": "2020-09-26",
            "toelichting": "",
            "bestuursorgaan": "",
            "ingangsdatum": "2023-03-03",
            "vervaldatum": null,
            "vervalreden": "",
            "publicatiedatum": null,
            "verzenddatum": null,
            "uiterlijke_reactiedatum": null,
            "_zaakbesluit_url": ""
        }
    },
    {
        "model": "besluiten.besluit",
        "pk": 3,
        "fields": {
            "_etag": "",
            "uuid": "a270de4f-7d04-4bc9-a70a-89a73a134b8e",
            "identificatie": "BESLUIT_2",
            "verantwoordelijke_organisatie": "307954626",
            "_besluittype": 1,
            "_zaak_base_url": null,
            "_zaak_relative_url": null,
            "_zaak_url": null,
            "_zaak": null,
            "zaak": null,
            "datum": "2024-04-03",
            "toelichting": "",
            "bestuursorgaan": "",
            "ingangsdatum": "2011-01-28",
            "vervaldatum": null,
            "vervalreden": "",
            "publicatiedatum": null,
            "verzenddatum": null,
            "uiterlijke_reactiedatum": null,
            "_zaakbesluit_url": ""
        }
    },
    {
        "model": "besluiten.besluit",
        "pk": 4,
        "fields": {
            "_etag": "",
            "uuid": "1d4ad031-615c-4cb3-8980-99e0fd9b7988",
            "identificatie": "BESLUIT_3",
            "verantwoordelijke_organisatie": "135287601",
            "_besluittype": 2,
            "_zaak_base_url": null,
            "_zaak_relative_url": null,
            "_zaak_url": null,
            "_zaak": null,
            "zaak": null,
            "datum": "2021-01-29",
            "toelichting": "",
            "bestuursorgaan": "",
            "ingangsdatum": "2009-02-03",
            "vervaldatum": null,
            "vervalreden": "",
            "publicatiedatum": null,
            "verzenddatum": null,
            "uiterlijke_reactiedatum": null,
            "_zaakbesluit_url": ""
        }
    },
    {
        "model": "besluiten.besluit",
        "pk": 5,
        "fields": {
            "_etag": "",
            "uuid": "665d4593-9b91-4d41-9a69-075508971194",
            "identificatie": "BESLUIT_4",
            "verantwoordelijke_organisatie": "734260891",
            "_besluittype": 2,
            "_zaak_base_url": null,
            "_zaak_relative_url": null,
            "_zaak_url": null,
            "_zaak": null,
            "zaak": null,
            "datum": "2024-06-08",
            "toelichting": "",
            "bestuursorgaan": "",
            "ingangsdatum": "2010-07-25",
            "vervaldatum": null,
            "vervalreden": "",
            "publicatiedatum": null,
            "verzenddatum": null,
            "uiterlijke_reactiedatum": null,
            "_zaakbesluit_url": ""
        }
    },
    {
        "model": "besluiten.besluit",
        "pk": 6,
        "fields": {
            "_etag": "",
            "uuid": "de4fc9b8-1568-4a53-8298-1bec6907cc23",
            "identificatie": "BESLUIT_5",
            "verantwoordelijke_organisatie": "426380174",
            "_besluittype": 2,
            "_zaak_base_url": null,
            "_zaak_relative_url": null,
            "_zaak_url": null,
            "_zaak": null,
            "zaak": null,
            "datum": "2021-04-02",
            "toelichting": "",
            "bestuursorgaan": "",
            "ingangsdatum": "1995-03-20",
            "vervaldatum": null,
            "vervalreden": "",
            "publicatiedatum": null,
            "verzenddatum": null,
            "uiterlijke_reactiedatum": null,
            "_zaakbesluit_url": ""
        }
    },
    {
        "model": "besluiten.besluit",
        "pk": 7,
        "fields": {
            "_etag": "",
            "uuid": "15a37cdf-2a67-4c90-b26c-899d7d6965a0",
            "identificatie": "BESLUIT_6",
            "verantwoordelijke_organisatie": "210863742",
            "_besluittype": 3,
            "_zaak_base_url": null,
            "_zaak_relative_url": null,
            "_zaak_url": null,
            "_zaak": null,
            "zaak": null,
            "datum": "2022-10-30",
            "toelichting": "",
            "bestuursorgaan": "",
            "ingangsdatum": "2006-06-22",
            "vervaldatum": null,
            "vervalreden": "",
            "publicatiedatum": null,
            "verzenddatum": null,
            "uiterlijke_reactiedatum": null,
            "_zaakbesluit_url": ""
        }
    },
    {
        "model": "besluiten.besluit",
        "pk": 8,
        "fields": {
            "_etag": "",
            "uuid": "08357ea6-45de-42c2-8ff1-5b342a01ba1f",
            "identificatie": "BESLUIT_7",
            "verantwoordelijke_organisatie": "219035787",
            "_besluittype": 3,
            "_zaak_base_url": null,
            "_zaak_relative_url": null,
            "_zaak_url": null,
            "_zaak": null,
            "zaak": null,
            "datum": "2021-06-23",
            "toelichting": "",
            "bestuursorgaan": "",
            "ingangsdatum": "2006-11-06",
            "vervaldatum": null,
            "vervalreden": "",
            "publicatiedatum": null,
            "verzenddatum": null,
            "uiterlijke_reactiedatum": null,
            "_zaakbesluit_url": ""
        }
    },
    {
        "model": "besluiten.besluit",
        "pk": 9,
        "fields": {
            "_etag": "",
            "uuid": "61f59439-4e15-4ee6-8abe-ea6fb03c88bf",
            "identificatie": "BESLUIT_8",
            "verantwoordelijke_organisatie": "609824156",
            "_besluittype": 3,
            "_zaak_base_url": null,
            "_zaak_relative_url": null,
            "_zaak_url": null,
            "_zaak": null,
            "zaak": null,
            "datum": "2023-08-08",
            "toelichting": "",
            "bestuursorgaan": "",
            "ingangsdatum": "1995-07-08",
            "vervaldatum": null,
            "vervalreden": "",
            "publicatiedatum": null,
            "verzenddatum": null,
            "uiterlijke_reactiedatum": null,
            "_zaakbesluit_url": ""
        }
    },
    {
        "model": "besluiten.besluit",
        "pk": 10,
        "fields": {
            "_etag": "f5b940849a55134e419a367fa22a2b53",
            "uuid": "f5fe89b7-8d91-48b3-ba06-00d55de5c492",
            "identificatie": "BESLUIT_00",
            "verantwoordelijke_organisatie": "596270410",
            "_besluittype": 1,
            "_zaak": 1,
            "datum": "2024-07-10",
            "toelichting": "",
            "bestuursorgaan": "",
            "ingangsdatum": "2024-07-01",
            "vervaldatum": null,
            "vervalreden": "",
            "publicatiedatum": null,
            "verzenddatum": null,
            "uiterlijke_reactiedatum": null,
            "_zaakbesluit_url": ""
        }
    },
    {
        "model": "besluiten.besluitinformatieobject",
        "pk": 1,
        "fields": {
            "_etag": "",
            "uuid": "1ac80196-57a6-4dbf-8cba-ed2608e1b0ee",
            "besluit": 1,
            "_informatieobject": 1,
            "_objectinformatieobject_url": ""
        }
    },
    {
        "model": "besluiten.besluitinformatieobject",
        "pk": 2,
        "fields": {
            "_etag": "",
            "uuid": "0411bd5f-4ced-4ce1-9412-cf20048ad04b",
            "besluit": 2,
            "_informatieobject": 2,
            "_objectinformatieobject_url": ""
        }
    },
    {
        "model": "besluiten.besluitinformatieobject",
        "pk": 3,
        "fields": {
            "_etag": "",
            "uuid": "3fb42320-68ab-4dbd-88ab-11de04141148",
            "besluit": 3,
            "_informatieobject": 3,
            "_objectinformatieobject_url": ""
        }
    },
    {
        "model": "besluiten.besluitinformatieobject",
        "pk": 4,
        "fields": {
            "_etag": "",
            "uuid": "9ba06289-15a8-4ed6-a336-cde9298f2664",
            "besluit": 4,
            "_informatieobject": 4,
            "_objectinformatieobject_url": ""
        }
    },
    {
        "model": "besluiten.besluitinformatieobject",
        "pk": 5,
        "fields": {
            "_etag": "",
            "uuid": "29ceeab0-3d23-4d61-a862-f3dee5287d79",
            "besluit": 5,
            "_informatieobject": 5,
            "_objectinformatieobject_url": ""
        }
    },
    {
        "model": "besluiten.besluitinformatieobject",
        "pk": 6,
        "fields": {
            "_etag": "",
            "uuid": "c36f2c03-9958-4bcc-b76f-77c9dd50ea98",
            "besluit": 6,
            "_informatieobject": 6,
            "_objectinformatieobject_url": ""
        }
    },
    {
        "model": "besluiten.besluitinformatieobject",
        "pk": 7,
        "fields": {
            "_etag": "",
            "uuid": "44d35938-3bd9-4c32-a182-a6435c0a1b59",
            "besluit": 7,
            "_informatieobject": 7,
            "_objectinformatieobject_url": ""
        }
    },
    {
        "model": "besluiten.besluitinformatieobject",
        "pk": 8,
        "fields": {
            "_etag": "",
            "uuid": "f87ee453-a267-436c-b96b-bf3b9bc266f9",
            "besluit": 8,
            "_informatieobject": 8,
            "_objectinformatieobject_url": ""
        }
    },
    {
        "model": "besluiten.besluitinformatieobject",
        "pk": 9,
        "fields": {
            "_etag": "",
            "uuid": "c9c59eff-1c91-4a68-9551-f93a7a1305cb",
            "besluit": 9,
            "_informatieobject": 9,
            "_objectinformatieobject_url": ""
        }
    },
    {
        "model": "besluiten.besluitinformatieobject",
        "pk": 10,
        "fields": {
            "_etag": "a573430e26915fe46042174e7af66434",
            "uuid": "af5d225c-91fa-4c52-baaf-623b34511c68",
            "besluit": 10,
            "_informatieobject": 1,
            "_objectinformatieobject_url": ""
        }
    },
    {
        "model": "besluiten.besluitinformatieobject",
        "pk": 11,
        "fields": {
          "_etag": "279e22621d23c4c656c4821c98b76c77",
          "uuid": "7081674c-6462-49cb-849e-cbd224ce1c64",
          "besluit": 6,
          "_informatieobject": 3,
          "_objectinformatieobject_url": ""
        }
      },
    {
        "model": "documenten.enkelvoudiginformatieobjectcanonical",
        "pk": 1,
        "fields": {
            "lock": ""
        }
    },
    {
        "model": "documenten.enkelvoudiginformatieobjectcanonical",
        "pk": 2,
        "fields": {
            "lock": ""
        }
    },
    {
        "model": "documenten.enkelvoudiginformatieobjectcanonical",
        "pk": 3,
        "fields": {
            "lock": ""
        }
    },
    {
        "model": "documenten.enkelvoudiginformatieobjectcanonical",
        "pk": 4,
        "fields": {
            "lock": ""
        }
    },
    {
        "model": "documenten.enkelvoudiginformatieobjectcanonical",
        "pk": 5,
        "fields": {
            "lock": ""
        }
    },
    {
        "model": "documenten.enkelvoudiginformatieobjectcanonical",
        "pk": 6,
        "fields": {
            "lock": ""
        }
    },
    {
        "model": "documenten.enkelvoudiginformatieobjectcanonical",
        "pk": 7,
        "fields": {
            "lock": ""
        }
    },
    {
        "model": "documenten.enkelvoudiginformatieobjectcanonical",
        "pk": 8,
        "fields": {
            "lock": ""
        }
    },
    {
        "model": "documenten.enkelvoudiginformatieobjectcanonical",
        "pk": 9,
        "fields": {
            "lock": ""
        }
    },
    {
        "model": "documenten.enkelvoudiginformatieobjectcanonical",
        "pk": 10,
        "fields": {
            "lock": ""
        }
    },
    {
        "model": "documenten.enkelvoudiginformatieobject",
        "pk": 1,
        "fields": {
            "identificatie": "document-0",
            "bronorganisatie": "287510347",
            "creatiedatum": "2018-06-27",
            "titel": "some titel",
            "vertrouwelijkheidaanduiding": "openbaar",
            "auteur": "some auteur",
            "status": "",
            "beschrijving": "",
            "ontvangstdatum": null,
            "verzenddatum": null,
            "indicatie_gebruiksrecht": null,
            "ondertekening_soort": "",
            "ondertekening_datum": null,
            "_informatieobjecttype": 1,
            "canonical": 1,
            "uuid": "ca9c986f-c5d1-47b7-907a-c0d0a12a7be9",
            "formaat": "some formaat",
            "taal": "nld",
            "bestandsnaam": "",
            "bestandsomvang": 9,
            "inhoud": "uploads/2024/07/file.bin",
            "link": "",
            "integriteit_algoritme": "",
            "integriteit_waarde": "",
            "integriteit_datum": null,
            "versie": 1,
            "begin_registratie": "2024-07-09T08:24:41.624Z",
            "verschijningsvorm": "",
            "trefwoorden": "[]"
        }
    },
    {
        "model": "documenten.enkelvoudiginformatieobject",
        "pk": 2,
        "fields": {
            "identificatie": "document-1",
            "bronorganisatie": "368712059",
            "creatiedatum": "2018-06-27",
            "titel": "some titel",
            "vertrouwelijkheidaanduiding": "openbaar",
            "auteur": "some auteur",
            "status": "",
            "beschrijving": "",
            "ontvangstdatum": null,
            "verzenddatum": null,
            "indicatie_gebruiksrecht": null,
            "ondertekening_soort": "",
            "ondertekening_datum": null,
            "_informatieobjecttype": 1,
            "canonical": 2,
            "uuid": "e3ed6b86-b226-4dc0-bfd7-3858646083fc",
            "formaat": "some formaat",
            "taal": "nld",
            "bestandsnaam": "",
            "bestandsomvang": 9,
            "inhoud": "uploads/2024/07/file_QaYarsY.bin",
            "link": "",
            "integriteit_algoritme": "",
            "integriteit_waarde": "",
            "integriteit_datum": null,
            "versie": 1,
            "begin_registratie": "2024-07-09T08:24:41.625Z",
            "verschijningsvorm": "",
            "trefwoorden": "[]"
        }
    },
    {
        "model": "documenten.enkelvoudiginformatieobject",
        "pk": 3,
        "fields": {
            "identificatie": "document-2",
            "bronorganisatie": "017684353",
            "creatiedatum": "2018-06-27",
            "titel": "some titel",
            "vertrouwelijkheidaanduiding": "openbaar",
            "auteur": "some auteur",
            "status": "",
            "beschrijving": "",
            "ontvangstdatum": null,
            "verzenddatum": null,
            "indicatie_gebruiksrecht": null,
            "ondertekening_soort": "",
            "ondertekening_datum": null,
            "_informatieobjecttype": 1,
            "canonical": 3,
            "uuid": "dc2dc1b3-1a40-4647-9943-a6ccc1ace4e6",
            "formaat": "some formaat",
            "taal": "nld",
            "bestandsnaam": "",
            "bestandsomvang": 9,
            "inhoud": "uploads/2024/07/file_6Ibhzt9.bin",
            "link": "",
            "integriteit_algoritme": "",
            "integriteit_waarde": "",
            "integriteit_datum": null,
            "versie": 1,
            "begin_registratie": "2024-07-09T08:24:41.626Z",
            "verschijningsvorm": "",
            "trefwoorden": "[]"
        }
    },
    {
        "model": "documenten.enkelvoudiginformatieobject",
        "pk": 4,
        "fields": {
            "identificatie": "document-3",
            "bronorganisatie": "410256833",
            "creatiedatum": "2018-06-27",
            "titel": "some titel",
            "vertrouwelijkheidaanduiding": "openbaar",
            "auteur": "some auteur",
            "status": "",
            "beschrijving": "",
            "ontvangstdatum": null,
            "verzenddatum": null,
            "indicatie_gebruiksrecht": null,
            "ondertekening_soort": "",
            "ondertekening_datum": null,
            "_informatieobjecttype": 2,
            "canonical": 4,
            "uuid": "dcfd8480-0502-475f-8f4c-9fb9ec663c59",
            "formaat": "some formaat",
            "taal": "nld",
            "bestandsnaam": "",
            "bestandsomvang": 9,
            "inhoud": "uploads/2024/07/file_DFDFM0T.bin",
            "link": "",
            "integriteit_algoritme": "",
            "integriteit_waarde": "",
            "integriteit_datum": null,
            "versie": 1,
            "begin_registratie": "2024-07-09T08:24:41.626Z",
            "verschijningsvorm": "",
            "trefwoorden": "[]"
        }
    },
    {
        "model": "documenten.enkelvoudiginformatieobject",
        "pk": 5,
        "fields": {
            "identificatie": "document-4",
            "bronorganisatie": "754069321",
            "creatiedatum": "2018-06-27",
            "titel": "some titel",
            "vertrouwelijkheidaanduiding": "openbaar",
            "auteur": "some auteur",
            "status": "",
            "beschrijving": "",
            "ontvangstdatum": null,
            "verzenddatum": null,
            "indicatie_gebruiksrecht": null,
            "ondertekening_soort": "",
            "ondertekening_datum": null,
            "_informatieobjecttype": 2,
            "canonical": 5,
            "uuid": "20123f06-843f-4d7a-aee2-970ab1fe4d57",
            "formaat": "some formaat",
            "taal": "nld",
            "bestandsnaam": "",
            "bestandsomvang": 9,
            "inhoud": "uploads/2024/07/file_CvUwj33.bin",
            "link": "",
            "integriteit_algoritme": "",
            "integriteit_waarde": "",
            "integriteit_datum": null,
            "versie": 1,
            "begin_registratie": "2024-07-09T08:24:41.627Z",
            "verschijningsvorm": "",
            "trefwoorden": "[]"
        }
    },
    {
        "model": "documenten.enkelvoudiginformatieobject",
        "pk": 6,
        "fields": {
            "identificatie": "document-5",
            "bronorganisatie": "961382041",
            "creatiedatum": "2018-06-27",
            "titel": "some titel",
            "vertrouwelijkheidaanduiding": "openbaar",
            "auteur": "some auteur",
            "status": "",
            "beschrijving": "",
            "ontvangstdatum": null,
            "verzenddatum": null,
            "indicatie_gebruiksrecht": null,
            "ondertekening_soort": "",
            "ondertekening_datum": null,
            "_informatieobjecttype": 2,
            "canonical": 6,
            "uuid": "826ea7e4-df22-43a3-8185-1fc7317ecf83",
            "formaat": "some formaat",
            "taal": "nld",
            "bestandsnaam": "",
            "bestandsomvang": 9,
            "inhoud": "uploads/2024/07/file_hzihoDv.bin",
            "link": "",
            "integriteit_algoritme": "",
            "integriteit_waarde": "",
            "integriteit_datum": null,
            "versie": 1,
            "begin_registratie": "2024-07-09T08:24:41.628Z",
            "verschijningsvorm": "",
            "trefwoorden": "[]"
        }
    },
    {
        "model": "documenten.enkelvoudiginformatieobject",
        "pk": 7,
        "fields": {
            "identificatie": "document-6",
            "bronorganisatie": "298134652",
            "creatiedatum": "2018-06-27",
            "titel": "some titel",
            "vertrouwelijkheidaanduiding": "openbaar",
            "auteur": "some auteur",
            "status": "",
            "beschrijving": "",
            "ontvangstdatum": null,
            "verzenddatum": null,
            "indicatie_gebruiksrecht": null,
            "ondertekening_soort": "",
            "ondertekening_datum": null,
            "_informatieobjecttype": 3,
            "canonical": 7,
            "uuid": "21d02df0-05bc-4a49-9609-0c714fa88502",
            "formaat": "some formaat",
            "taal": "nld",
            "bestandsnaam": "",
            "bestandsomvang": 9,
            "inhoud": "uploads/2024/07/file_UfnVgbz.bin",
            "link": "",
            "integriteit_algoritme": "",
            "integriteit_waarde": "",
            "integriteit_datum": null,
            "versie": 1,
            "begin_registratie": "2024-07-09T08:24:41.628Z",
            "verschijningsvorm": "",
            "trefwoorden": "[]"
        }
    },
    {
        "model": "documenten.enkelvoudiginformatieobject",
        "pk": 8,
        "fields": {
            "identificatie": "document-7",
            "bronorganisatie": "423570961",
            "creatiedatum": "2018-06-27",
            "titel": "some titel",
            "vertrouwelijkheidaanduiding": "openbaar",
            "auteur": "some auteur",
            "status": "",
            "beschrijving": "",
            "ontvangstdatum": null,
            "verzenddatum": null,
            "indicatie_gebruiksrecht": null,
            "ondertekening_soort": "",
            "ondertekening_datum": null,
            "_informatieobjecttype": 3,
            "canonical": 8,
            "uuid": "9fc20d97-8ee1-4578-8ca6-859a03fa320e",
            "formaat": "some formaat",
            "taal": "nld",
            "bestandsnaam": "",
            "bestandsomvang": 9,
            "inhoud": "uploads/2024/07/file_UMeCa5t.bin",
            "link": "",
            "integriteit_algoritme": "",
            "integriteit_waarde": "",
            "integriteit_datum": null,
            "versie": 1,
            "begin_registratie": "2024-07-09T08:24:41.629Z",
            "verschijningsvorm": "",
            "trefwoorden": "[]"
        }
    },
    {
        "model": "documenten.enkelvoudiginformatieobject",
        "pk": 9,
        "fields": {
            "identificatie": "document-8",
            "bronorganisatie": "920857346",
            "creatiedatum": "2018-06-27",
            "titel": "some titel",
            "vertrouwelijkheidaanduiding": "openbaar",
            "auteur": "some auteur",
            "status": "",
            "beschrijving": "",
            "ontvangstdatum": null,
            "verzenddatum": null,
            "indicatie_gebruiksrecht": null,
            "ondertekening_soort": "",
            "ondertekening_datum": null,
            "_informatieobjecttype": 3,
            "canonical": 9,
            "uuid": "0a6e98cf-b5f5-4f5a-9a5d-559141efdf60",
            "formaat": "some formaat",
            "taal": "nld",
            "bestandsnaam": "",
            "bestandsomvang": 9,
            "inhoud": "uploads/2024/07/file_5Y3B25T.bin",
            "link": "",
            "integriteit_algoritme": "",
            "integriteit_waarde": "",
            "integriteit_datum": null,
            "versie": 1,
            "begin_registratie": "2024-07-09T08:24:41.629Z",
            "verschijningsvorm": "",
            "trefwoorden": "[]"
        }
    },
    {
        "model": "documenten.objectinformatieobject",
        "pk": 1,
        "fields": {
            "uuid": "f31cb9c8-1af2-4510-8fe2-764c3a864922",
            "informatieobject": 1,
            "object_type": "zaak",
            "_object_base_url": null,
            "_object_relative_url": null,
            "_object_url": null,
            "_zaak": 1,
            "_besluit": null,
            "besluit": null
        }
    },
    {
        "model": "documenten.objectinformatieobject",
        "pk": 2,
        "fields": {
            "uuid": "ebd04bb6-2e70-4ef1-946d-d1c86df9a7c5",
            "informatieobject": 2,
            "object_type": "zaak",
            "_object_base_url": null,
            "_object_relative_url": null,
            "_object_url": null,
            "_zaak": 2,
            "_besluit": null,
            "besluit": null
        }
    },
    {
        "model": "documenten.objectinformatieobject",
        "pk": 3,
        "fields": {
            "uuid": "9263a0b4-052b-4989-831b-3849e114bda2",
            "informatieobject": 3,
            "object_type": "zaak",
            "_object_base_url": null,
            "_object_relative_url": null,
            "_object_url": null,
            "_zaak": 3,
            "_besluit": null,
            "besluit": null
        }
    },
    {
        "model": "documenten.objectinformatieobject",
        "pk": 4,
        "fields": {
            "uuid": "a8f5a606-e303-4286-bdc0-2a9b66ea49be",
            "informatieobject": 4,
            "object_type": "zaak",
            "_object_base_url": null,
            "_object_relative_url": null,
            "_object_url": null,
            "_zaak": 4,
            "_besluit": null,
            "besluit": null
        }
    },
    {
        "model": "documenten.objectinformatieobject",
        "pk": 5,
        "fields": {
            "uuid": "c98874f6-e688-4f5c-aeb4-80199dd4b4f9",
            "informatieobject": 5,
            "object_type": "zaak",
            "_object_base_url": null,
            "_object_relative_url": null,
            "_object_url": null,
            "_zaak": 5,
            "_besluit": null,
            "besluit": null
        }
    },
    {
        "model": "documenten.objectinformatieobject",
        "pk": 6,
        "fields": {
            "uuid": "7a5606f8-1942-4126-b73a-1544aaee9f50",
            "informatieobject": 6,
            "object_type": "zaak",
            "_object_base_url": null,
            "_object_relative_url": null,
            "_object_url": null,
            "_zaak": 6,
            "_besluit": null,
            "besluit": null
        }
    },
    {
        "model": "documenten.objectinformatieobject",
        "pk": 7,
        "fields": {
            "uuid": "70a080c2-57ba-41ad-a971-9360c4a4f0e7",
            "informatieobject": 7,
            "object_type": "zaak",
            "_object_base_url": null,
            "_object_relative_url": null,
            "_object_url": null,
            "_zaak": 7,
            "_besluit": null,
            "besluit": null
        }
    },
    {
        "model": "documenten.objectinformatieobject",
        "pk": 8,
        "fields": {
            "uuid": "a32b5db8-7cab-4424-b87e-445c3729484b",
            "informatieobject": 8,
            "object_type": "zaak",
            "_object_base_url": null,
            "_object_relative_url": null,
            "_object_url": null,
            "_zaak": 8,
            "_besluit": null,
            "besluit": null
        }
    },
    {
        "model": "documenten.objectinformatieobject",
        "pk": 9,
        "fields": {
            "uuid": "1c5db3ab-baa9-4c46-847e-34424466d50b",
            "informatieobject": 9,
            "object_type": "zaak",
            "_object_base_url": null,
            "_object_relative_url": null,
            "_object_url": null,
            "_zaak": 9,
            "_besluit": null,
            "besluit": null
        }
    },
    {
        "model": "documenten.objectinformatieobject",
        "pk": 10,
        "fields": {
            "uuid": "02b3d987-8e87-4b44-9cf7-147c99b9402a",
            "informatieobject": 1,
            "object_type": "besluit",
            "_object_base_url": null,
            "_object_relative_url": null,
            "_object_url": null,
            "_zaak": null,
            "zaak": null,
            "_besluit": 1
        }
    },
    {
        "model": "documenten.objectinformatieobject",
        "pk": 11,
        "fields": {
            "uuid": "92ba9e9b-c9ef-4613-acae-719db03e1c0b",
            "informatieobject": 2,
            "object_type": "besluit",
            "_object_base_url": null,
            "_object_relative_url": null,
            "_object_url": null,
            "_zaak": null,
            "zaak": null,
            "_besluit": 2
        }
    },
    {
        "model": "documenten.objectinformatieobject",
        "pk": 12,
        "fields": {
            "uuid": "b28781e5-83d7-4224-866d-906a1b0e0e4d",
            "informatieobject": 3,
            "object_type": "besluit",
            "_object_base_url": null,
            "_object_relative_url": null,
            "_object_url": null,
            "_zaak": null,
            "zaak": null,
            "_besluit": 3
        }
    },
    {
        "model": "documenten.objectinformatieobject",
        "pk": 13,
        "fields": {
            "uuid": "11f4b8eb-043d-4da7-9806-3c769f403a6e",
            "informatieobject": 4,
            "object_type": "besluit",
            "_object_base_url": null,
            "_object_relative_url": null,
            "_object_url": null,
            "_zaak": null,
            "zaak": null,
            "_besluit": 4
        }
    },
    {
        "model": "documenten.objectinformatieobject",
        "pk": 14,
        "fields": {
            "uuid": "ba4ac0d6-f21f-4592-9e03-b65475030ae0",
            "informatieobject": 5,
            "object_type": "besluit",
            "_object_base_url": null,
            "_object_relative_url": null,
            "_object_url": null,
            "_zaak": null,
            "zaak": null,
            "_besluit": 5
        }
    },
    {
        "model": "documenten.objectinformatieobject",
        "pk": 15,
        "fields": {
            "uuid": "79294929-ac19-48f4-8154-3f7aa25e6ffe",
            "informatieobject": 6,
            "object_type": "besluit",
            "_object_base_url": null,
            "_object_relative_url": null,
            "_object_url": null,
            "_zaak": null,
            "zaak": null,
            "_besluit": 6
        }
    },
    {
        "model": "documenten.objectinformatieobject",
        "pk": 16,
        "fields": {
            "uuid": "972cdb60-faf6-448f-a353-2689be544ef9",
            "informatieobject": 7,
            "object_type": "besluit",
            "_object_base_url": null,
            "_object_relative_url": null,
            "_object_url": null,
            "_zaak": null,
            "zaak": null,
            "_besluit": 7
        }
    },
    {
        "model": "documenten.objectinformatieobject",
        "pk": 17,
        "fields": {
            "uuid": "2edfa88a-cea9-491c-8e87-e20ec8a762ae",
            "informatieobject": 8,
            "object_type": "besluit",
            "_object_base_url": null,
            "_object_relative_url": null,
            "_object_url": null,
            "_zaak": null,
            "zaak": null,
            "_besluit": 8
        }
    },
    {
        "model": "documenten.objectinformatieobject",
        "pk": 18,
        "fields": {
            "uuid": "f9539a43-ba38-44bc-8268-4c28c71b9ae8",
            "informatieobject": 9,
            "object_type": "besluit",
            "_object_base_url": null,
            "_object_relative_url": null,
            "_object_url": null,
            "_zaak": null,
            "zaak": null,
            "_besluit": 9
        }
    },
    {
        "model": "documenten.objectinformatieobject",
        "pk": 19,
        "fields": {
            "uuid": "596aaeeb-1aa4-48fe-aa97-a25aa2e666d4",
            "informatieobject": 1,
            "object_type": "besluit",
            "_object_base_url": null,
            "_object_relative_url": null,
            "_object_url": null,
            "_zaak": null,
            "zaak": null,
            "_besluit": 10
        }
    },
    {
        "model": "catalogi.besluittype",
        "pk": 1,
        "fields": {
            "_etag": "d357ece976991f096a58a7ad92fa802d",
            "datum_begin_geldigheid": "2018-01-01",
            "datum_einde_geldigheid": null,
            "concept": false,
            "uuid": "59e0ad36-e3e8-490e-a043-22d2538dc4d5",
            "omschrijving": "Besluittype 0",
            "omschrijving_generiek": "",
            "besluitcategorie": "",
            "reactietermijn": "P14D",
            "publicatie_indicatie": false,
            "publicatietekst": "",
            "publicatietermijn": null,
            "toelichting": "",
            "catalogus": 1,
            "informatieobjecttypen": [
                1
            ],
            "zaaktypen": [
                1
            ]
        }
    },
    {
        "model": "catalogi.besluittype",
        "pk": 2,
        "fields": {
            "_etag": "4608113e25f1b3a99bd927b3118fbf75",
            "datum_begin_geldigheid": "2018-01-01",
            "datum_einde_geldigheid": null,
            "concept": false,
            "uuid": "891b4f09-a460-46a6-865b-33fc41d95f4c",
            "omschrijving": "Besluittype 1",
            "omschrijving_generiek": "",
            "besluitcategorie": "",
            "reactietermijn": "P14D",
            "publicatie_indicatie": false,
            "publicatietekst": "",
            "publicatietermijn": null,
            "toelichting": "",
            "catalogus": 1,
            "informatieobjecttypen": [
                2
            ],
            "zaaktypen": [
                2
            ]
        }
    },
    {
        "model": "catalogi.besluittype",
        "pk": 3,
        "fields": {
            "_etag": "f6b54fd4c5c50ea0c7fd4cf20907484c",
            "datum_begin_geldigheid": "2018-01-01",
            "datum_einde_geldigheid": null,
            "concept": false,
            "uuid": "003bf211-fa42-486b-add0-851e991b41ec",
            "omschrijving": "Besluittype 2",
            "omschrijving_generiek": "",
            "besluitcategorie": "",
            "reactietermijn": "P14D",
            "publicatie_indicatie": false,
            "publicatietekst": "",
            "publicatietermijn": null,
            "toelichting": "",
            "catalogus": 1,
            "informatieobjecttypen": [
                3
            ],
            "zaaktypen": [
                3
            ]
        }
    },
    {
        "model": "catalogi.catalogus",
        "pk": 1,
        "fields": {
            "_etag": "24c37a6df803499d65149e73a711209b",
            "naam": "performance test",
            "uuid": "ba78bd8c-4490-4bbd-835c-f528ee471df8",
            "domein": "AAAAA",
            "rsin": "100000000",
            "contactpersoon_beheer_naam": "Contact persoon beheer 0",
            "contactpersoon_beheer_telefoonnummer": "0612345678",
            "contactpersoon_beheer_emailadres": "contact_0@example.com",
            "versie": "",
            "begindatum_versie": null
        }
    },
    {
        "model": "catalogi.eigenschapspecificatie",
        "pk": 1,
        "fields": {
            "groep": "groep",
            "formaat": "tekst",
            "lengte": "20",
            "kardinaliteit": "1",
            "waardenverzameling": "[]"
        }
    },
    {
        "model": "catalogi.eigenschapspecificatie",
        "pk": 2,
        "fields": {
            "groep": "groep",
            "formaat": "tekst",
            "lengte": "20",
            "kardinaliteit": "1",
            "waardenverzameling": "[]"
        }
    },
    {
        "model": "catalogi.eigenschapspecificatie",
        "pk": 3,
        "fields": {
            "groep": "groep",
            "formaat": "tekst",
            "lengte": "20",
            "kardinaliteit": "1",
            "waardenverzameling": "[]"
        }
    },
    {
        "model": "catalogi.eigenschap",
        "pk": 1,
        "fields": {
            "_etag": "ffcf9f990442f797d990e0b684b2e9ee",
            "datum_begin_geldigheid": null,
            "datum_einde_geldigheid": null,
            "uuid": "bb205612-4a60-41f0-b882-9adb06778c56",
            "eigenschapnaam": "eigenschap 0",
            "definitie": "",
            "specificatie_van_eigenschap": 1,
            "toelichting": "",
            "zaaktype": 1,
            "statustype": null
        }
    },
    {
        "model": "catalogi.eigenschap",
        "pk": 2,
        "fields": {
            "_etag": "f8175b3ed9af97cf2365334345ad1b1e",
            "datum_begin_geldigheid": null,
            "datum_einde_geldigheid": null,
            "uuid": "9fe48106-e2d7-490f-ae96-2ce8f5a283ef",
            "eigenschapnaam": "eigenschap 1",
            "definitie": "",
            "specificatie_van_eigenschap": 2,
            "toelichting": "",
            "zaaktype": 2,
            "statustype": null
        }
    },
    {
        "model": "catalogi.eigenschap",
        "pk": 3,
        "fields": {
            "_etag": "7e2bf9eae828af9a073ababce49f85bf",
            "datum_begin_geldigheid": null,
            "datum_einde_geldigheid": null,
            "uuid": "72c17fd1-c919-4104-9ca3-bbb0e9156620",
            "eigenschapnaam": "eigenschap 2",
            "definitie": "",
            "specificatie_van_eigenschap": 3,
            "toelichting": "",
            "zaaktype": 3,
            "statustype": null
        }
    },
    {
        "model": "catalogi.informatieobjecttype",
        "pk": 1,
        "fields": {
            "_etag": "bd20a608c95e187adaa6edf5d98a4600",
            "datum_begin_geldigheid": "2018-01-01",
            "datum_einde_geldigheid": null,
            "concept": false,
            "uuid": "ceafc0c8-c42d-46f2-8bb9-a3e2d6e0495a",
            "omschrijving": "Informatie object type 0",
            "informatieobjectcategorie": "south",
            "trefwoord": "[]",
            "vertrouwelijkheidaanduiding": "openbaar",
            "omschrijving_generiek_informatieobjecttype": "bit",
            "omschrijving_generiek_definitie": "Star Republican heart camera help whatever media give. Dog not artist hold. Too charge operation stage fill education thousand.",
            "omschrijving_generiek_herkomst": "gUsdRBJcjdaF",
            "omschrijving_generiek_hierarchie": "true",
            "omschrijving_generiek_opmerking": "",
            "catalogus": 1
        }
    },
    {
        "model": "catalogi.informatieobjecttype",
        "pk": 2,
        "fields": {
            "_etag": "3515cc43af7066e7e1ffcb4d22d177a7",
            "datum_begin_geldigheid": "2018-01-01",
            "datum_einde_geldigheid": null,
            "concept": false,
            "uuid": "05be3a54-d5a3-4c14-9796-7dd92c7b3e9d",
            "omschrijving": "Informatie object type 1",
            "informatieobjectcategorie": "wait",
            "trefwoord": "[]",
            "vertrouwelijkheidaanduiding": "openbaar",
            "omschrijving_generiek_informatieobjecttype": "claim",
            "omschrijving_generiek_definitie": "Beyond PM Democrat various. Table significant term adult key.\nAnalysis per sound operation would. Home election detail common behavior individual. Concern direction interview away but.",
            "omschrijving_generiek_herkomst": "wcaKltAOXlyx",
            "omschrijving_generiek_hierarchie": "likely",
            "omschrijving_generiek_opmerking": "",
            "catalogus": 1
        }
    },
    {
        "model": "catalogi.informatieobjecttype",
        "pk": 3,
        "fields": {
            "_etag": "c8b6de4bb183b4376f6adb2d372cb831",
            "datum_begin_geldigheid": "2018-01-01",
            "datum_einde_geldigheid": null,
            "concept": false,
            "uuid": "be99a65c-69e3-44a2-a165-d81015a93b97",
            "omschrijving": "Informatie object type 2",
            "informatieobjectcategorie": "who",
            "trefwoord": "[]",
            "vertrouwelijkheidaanduiding": "openbaar",
            "omschrijving_generiek_informatieobjecttype": "international",
            "omschrijving_generiek_definitie": "Ago require sit fine beyond animal network. Story sign long reflect.",
            "omschrijving_generiek_herkomst": "yryJNpiAcPcQ",
            "omschrijving_generiek_hierarchie": "though",
            "omschrijving_generiek_opmerking": "",
            "catalogus": 1
        }
    },
    {
        "model": "catalogi.zaaktypeinformatieobjecttype",
        "pk": 1,
        "fields": {
            "_etag": "273ab976168afaa3848ee6e4aeb5c0ee",
            "uuid": "66d696e8-a5e8-4bca-8f7b-2d4190809794",
            "zaaktype": 1,
            "informatieobjecttype": 1,
            "volgnummer": 4,
            "richting": "inkomend",
            "statustype": null
        }
    },
    {
        "model": "catalogi.zaaktypeinformatieobjecttype",
        "pk": 2,
        "fields": {
            "_etag": "3378bee89804ca7c6ae4083d24bcb206",
            "uuid": "aa962018-ad0b-43a7-a0f7-ac375130079c",
            "zaaktype": 2,
            "informatieobjecttype": 2,
            "volgnummer": 5,
            "richting": "inkomend",
            "statustype": null
        }
    },
    {
        "model": "catalogi.zaaktypeinformatieobjecttype",
        "pk": 3,
        "fields": {
            "_etag": "c9727e4c1e156c17b92b549a81c4a45d",
            "uuid": "cd31c426-8fae-40ea-b7b6-1aef978dc51d",
            "zaaktype": 3,
            "informatieobjecttype": 3,
            "volgnummer": 6,
            "richting": "inkomend",
            "statustype": null
        }
    },
    {
        "model": "catalogi.resultaattype",
        "pk": 1,
        "fields": {
            "_etag": "7b373e1131905476a1b3448663affe32",
            "datum_begin_geldigheid": null,
            "datum_einde_geldigheid": null,
            "uuid": "e22918b8-808a-476f-a1f7-35d2088d2307",
            "zaaktype": 1,
            "omschrijving": "resultaattype 0",
            "resultaattypeomschrijving": "",
            "omschrijving_generiek": "budget",
            "selectielijstklasse": "https://www.wood.com/",
            "archiefnominatie": "blijvend_bewaren",
            "archiefactietermijn": "P10Y",
            "brondatum_archiefprocedure_afleidingswijze": "",
            "brondatum_archiefprocedure_datumkenmerk": "",
            "brondatum_archiefprocedure_einddatum_bekend": false,
            "brondatum_archiefprocedure_objecttype": "",
            "brondatum_archiefprocedure_registratie": "",
            "brondatum_archiefprocedure_procestermijn": null,
            "toelichting": "",
            "procesobjectaard": "",
            "indicatie_specifiek": null,
            "procestermijn": null,
            "informatieobjecttypen": [],
            "besluittypen": [],
            "zaakobjecttypen": []
        }
    },
    {
        "model": "catalogi.resultaattype",
        "pk": 2,
        "fields": {
            "_etag": "6f8fb3b05b787652ec3a79651691d599",
            "datum_begin_geldigheid": null,
            "datum_einde_geldigheid": null,
            "uuid": "66617342-22e5-409e-b8bd-beab8fdf945a",
            "zaaktype": 1,
            "omschrijving": "resultaattype 1",
            "resultaattypeomschrijving": "",
            "omschrijving_generiek": "environmental",
            "selectielijstklasse": "http://www.juarez.com/",
            "archiefnominatie": "blijvend_bewaren",
            "archiefactietermijn": "P10Y",
            "brondatum_archiefprocedure_afleidingswijze": "",
            "brondatum_archiefprocedure_datumkenmerk": "",
            "brondatum_archiefprocedure_einddatum_bekend": false,
            "brondatum_archiefprocedure_objecttype": "",
            "brondatum_archiefprocedure_registratie": "",
            "brondatum_archiefprocedure_procestermijn": null,
            "toelichting": "",
            "procesobjectaard": "",
            "indicatie_specifiek": null,
            "procestermijn": null,
            "informatieobjecttypen": [],
            "besluittypen": [],
            "zaakobjecttypen": []
        }
    },
    {
        "model": "catalogi.resultaattype",
        "pk": 3,
        "fields": {
            "_etag": "27068514159682d9a3b2eceb156e0c1e",
            "datum_begin_geldigheid": null,
            "datum_einde_geldigheid": null,
            "uuid": "2da3df01-dd1b-47b3-a709-926893e536c5",
            "zaaktype": 2,
            "omschrijving": "resultaattype 2",
            "resultaattypeomschrijving": "",
            "omschrijving_generiek": "someone",
            "selectielijstklasse": "http://short-taylor.com/",
            "archiefnominatie": "blijvend_bewaren",
            "archiefactietermijn": "P10Y",
            "brondatum_archiefprocedure_afleidingswijze": "",
            "brondatum_archiefprocedure_datumkenmerk": "",
            "brondatum_archiefprocedure_einddatum_bekend": false,
            "brondatum_archiefprocedure_objecttype": "",
            "brondatum_archiefprocedure_registratie": "",
            "brondatum_archiefprocedure_procestermijn": null,
            "toelichting": "",
            "procesobjectaard": "",
            "indicatie_specifiek": null,
            "procestermijn": null,
            "informatieobjecttypen": [],
            "besluittypen": [],
            "zaakobjecttypen": []
        }
    },
    {
        "model": "catalogi.resultaattype",
        "pk": 4,
        "fields": {
            "_etag": "866632677083ae757e2d0b2e36574e13",
            "datum_begin_geldigheid": null,
            "datum_einde_geldigheid": null,
            "uuid": "63082a98-0824-4f2a-9946-5fe7df39485b",
            "zaaktype": 2,
            "omschrijving": "resultaattype 3",
            "resultaattypeomschrijving": "",
            "omschrijving_generiek": "return",
            "selectielijstklasse": "http://fox.com/",
            "archiefnominatie": "vernietigen",
            "archiefactietermijn": "P10Y",
            "brondatum_archiefprocedure_afleidingswijze": "",
            "brondatum_archiefprocedure_datumkenmerk": "",
            "brondatum_archiefprocedure_einddatum_bekend": false,
            "brondatum_archiefprocedure_objecttype": "",
            "brondatum_archiefprocedure_registratie": "",
            "brondatum_archiefprocedure_procestermijn": null,
            "toelichting": "",
            "procesobjectaard": "",
            "indicatie_specifiek": null,
            "procestermijn": null,
            "informatieobjecttypen": [],
            "besluittypen": [],
            "zaakobjecttypen": []
        }
    },
    {
        "model": "catalogi.resultaattype",
        "pk": 5,
        "fields": {
            "_etag": "7e0121e918bc2de2e0b7d000a5542798",
            "datum_begin_geldigheid": null,
            "datum_einde_geldigheid": null,
            "uuid": "213b5ade-3e13-408d-813e-3438bee1a85b",
            "zaaktype": 3,
            "omschrijving": "resultaattype 4",
            "resultaattypeomschrijving": "",
            "omschrijving_generiek": "become",
            "selectielijstklasse": "https://perkins.biz/",
            "archiefnominatie": "blijvend_bewaren",
            "archiefactietermijn": "P10Y",
            "brondatum_archiefprocedure_afleidingswijze": "",
            "brondatum_archiefprocedure_datumkenmerk": "",
            "brondatum_archiefprocedure_einddatum_bekend": false,
            "brondatum_archiefprocedure_objecttype": "",
            "brondatum_archiefprocedure_registratie": "",
            "brondatum_archiefprocedure_procestermijn": null,
            "toelichting": "",
            "procesobjectaard": "",
            "indicatie_specifiek": null,
            "procestermijn": null,
            "informatieobjecttypen": [],
            "besluittypen": [],
            "zaakobjecttypen": []
        }
    },
    {
        "model": "catalogi.resultaattype",
        "pk": 6,
        "fields": {
            "_etag": "4ee8c60fa20fbc0bd1ec0d8abceb40a6",
            "datum_begin_geldigheid": null,
            "datum_einde_geldigheid": null,
            "uuid": "8fa37b8f-a032-468c-866e-03f98e1844ec",
            "zaaktype": 3,
            "omschrijving": "resultaattype 5",
            "resultaattypeomschrijving": "",
            "omschrijving_generiek": "join",
            "selectielijstklasse": "https://www.camacho.com/",
            "archiefnominatie": "blijvend_bewaren",
            "archiefactietermijn": "P10Y",
            "brondatum_archiefprocedure_afleidingswijze": "",
            "brondatum_archiefprocedure_datumkenmerk": "",
            "brondatum_archiefprocedure_einddatum_bekend": false,
            "brondatum_archiefprocedure_objecttype": "",
            "brondatum_archiefprocedure_registratie": "",
            "brondatum_archiefprocedure_procestermijn": null,
            "toelichting": "",
            "procesobjectaard": "",
            "indicatie_specifiek": null,
            "procestermijn": null,
            "informatieobjecttypen": [],
            "besluittypen": [],
            "zaakobjecttypen": []
        }
    },
    {
        "model": "catalogi.roltype",
        "pk": 1,
        "fields": {
            "_etag": "4246cb7c417dd0c11b8465dcd341f35f",
            "datum_begin_geldigheid": null,
            "datum_einde_geldigheid": null,
            "uuid": "05b49f2e-7d5b-4c5d-9112-593167bcc84e",
            "omschrijving": "Pay then amount.",
            "omschrijving_generiek": "zaakcoordinator",
            "zaaktype": 1
        }
    },
    {
        "model": "catalogi.roltype",
        "pk": 2,
        "fields": {
            "_etag": "35afbb50577dec5f93a45c94c16266ac",
            "datum_begin_geldigheid": null,
            "datum_einde_geldigheid": null,
            "uuid": "835375aa-ec88-46d1-bd26-7d39567196f1",
            "omschrijving": "Property.",
            "omschrijving_generiek": "klantcontacter",
            "zaaktype": 2
        }
    },
    {
        "model": "catalogi.roltype",
        "pk": 3,
        "fields": {
            "_etag": "3bb4e66c3803e9c5a66ff2336cb6e359",
            "datum_begin_geldigheid": null,
            "datum_einde_geldigheid": null,
            "uuid": "e1acc4c7-906c-4920-ba7e-46633320e447",
            "omschrijving": "Miss upon leader.",
            "omschrijving_generiek": "zaakcoordinator",
            "zaaktype": 3
        }
    },
    {
        "model": "catalogi.statustype",
        "pk": 1,
        "fields": {
            "_etag": "880f34912622f64a4dc6518fb3c23c66",
            "datum_begin_geldigheid": null,
            "datum_einde_geldigheid": null,
            "uuid": "1b105bb6-e3fe-4c1d-bfdf-3ac02415448e",
            "zaaktype": 1,
            "statustype_omschrijving": "",
            "statustype_omschrijving_generiek": "",
            "statustypevolgnummer": 1,
            "doorlooptijd": null,
            "informeren": false,
            "statustekst": "",
            "toelichting": null
        }
    },
    {
        "model": "catalogi.statustype",
        "pk": 2,
        "fields": {
            "_etag": "fda26d3392ca561398605cdbbf214b64",
            "datum_begin_geldigheid": null,
            "datum_einde_geldigheid": null,
            "uuid": "8e99a16a-a5f2-404a-b8d9-c7218b774512",
            "zaaktype": 1,
            "statustype_omschrijving": "",
            "statustype_omschrijving_generiek": "",
            "statustypevolgnummer": 2,
            "doorlooptijd": null,
            "informeren": false,
            "statustekst": "",
            "toelichting": null
        }
    },
    {
        "model": "catalogi.statustype",
        "pk": 3,
        "fields": {
            "_etag": "b4a10aecabdc7267de51ba9609740d58",
            "datum_begin_geldigheid": null,
            "datum_einde_geldigheid": null,
            "uuid": "b54cac5a-17a8-4947-bf83-89807b0d2e51",
            "zaaktype": 1,
            "statustype_omschrijving": "",
            "statustype_omschrijving_generiek": "",
            "statustypevolgnummer": 3,
            "doorlooptijd": null,
            "informeren": false,
            "statustekst": "",
            "toelichting": null
        }
    },
    {
        "model": "catalogi.statustype",
        "pk": 4,
        "fields": {
            "_etag": "15c6dfd89e5c22db443b0225699c6f46",
            "datum_begin_geldigheid": null,
            "datum_einde_geldigheid": null,
            "uuid": "6494b17a-c2b9-4d30-893d-1b410bbe5f77",
            "zaaktype": 2,
            "statustype_omschrijving": "",
            "statustype_omschrijving_generiek": "",
            "statustypevolgnummer": 4,
            "doorlooptijd": null,
            "informeren": false,
            "statustekst": "",
            "toelichting": null
        }
    },
    {
        "model": "catalogi.statustype",
        "pk": 5,
        "fields": {
            "_etag": "daa22c816e96efd83b79951e4750c061",
            "datum_begin_geldigheid": null,
            "datum_einde_geldigheid": null,
            "uuid": "31d7edfb-f112-4e37-8313-989ba56107e7",
            "zaaktype": 2,
            "statustype_omschrijving": "",
            "statustype_omschrijving_generiek": "",
            "statustypevolgnummer": 5,
            "doorlooptijd": null,
            "informeren": false,
            "statustekst": "",
            "toelichting": null
        }
    },
    {
        "model": "catalogi.statustype",
        "pk": 6,
        "fields": {
            "_etag": "730e0573f365ec8361ebab82cc73c331",
            "datum_begin_geldigheid": null,
            "datum_einde_geldigheid": null,
            "uuid": "32316d52-841a-4d5b-b73a-a8f8df24c619",
            "zaaktype": 2,
            "statustype_omschrijving": "",
            "statustype_omschrijving_generiek": "",
            "statustypevolgnummer": 6,
            "doorlooptijd": null,
            "informeren": false,
            "statustekst": "",
            "toelichting": null
        }
    },
    {
        "model": "catalogi.statustype",
        "pk": 7,
        "fields": {
            "_etag": "798dcc4d80670afd58e4857d73562887",
            "datum_begin_geldigheid": null,
            "datum_einde_geldigheid": null,
            "uuid": "7007da68-5648-49c2-a208-8cbed65fab26",
            "zaaktype": 3,
            "statustype_omschrijving": "",
            "statustype_omschrijving_generiek": "",
            "statustypevolgnummer": 7,
            "doorlooptijd": null,
            "informeren": false,
            "statustekst": "",
            "toelichting": null
        }
    },
    {
        "model": "catalogi.statustype",
        "pk": 8,
        "fields": {
            "_etag": "7c991b2b4b1f618cbba18dcd7121eeb6",
            "datum_begin_geldigheid": null,
            "datum_einde_geldigheid": null,
            "uuid": "8b19ca4a-865e-4eed-9dd4-8e7371e00d89",
            "zaaktype": 3,
            "statustype_omschrijving": "",
            "statustype_omschrijving_generiek": "",
            "statustypevolgnummer": 8,
            "doorlooptijd": null,
            "informeren": false,
            "statustekst": "",
            "toelichting": null
        }
    },
    {
        "model": "catalogi.statustype",
        "pk": 9,
        "fields": {
            "_etag": "3b72d617721963e989941455034ace91",
            "datum_begin_geldigheid": null,
            "datum_einde_geldigheid": null,
            "uuid": "e5f40414-e96a-41b1-9f79-99acf1c3a94b",
            "zaaktype": 3,
            "statustype_omschrijving": "",
            "statustype_omschrijving_generiek": "",
            "statustypevolgnummer": 9,
            "doorlooptijd": null,
            "informeren": false,
            "statustekst": "",
            "toelichting": null
        }
    },
    {
        "model": "catalogi.zaaktype",
        "pk": 1,
        "fields": {
            "_etag": "86d496eb00e019510ff476c71b2f103f",
            "datum_begin_geldigheid": "2018-01-01",
            "datum_einde_geldigheid": null,
            "concept": false,
            "uuid": "1ba1d8c4-f6da-4cb3-9eb8-8dac2d62a633",
            "identificatie": "",
            "zaaktype_omschrijving": "engage collaborative solutions",
            "zaaktype_omschrijving_generiek": "",
            "vertrouwelijkheidaanduiding": "",
            "doel": "Party huge increase degree want fast. Hospital well prove his. Six here dog common reach exist property.",
            "aanleiding": "Beautiful close film show section instead. Husband white remember raise alone with.",
            "toelichting": "",
            "indicatie_intern_of_extern": "extern",
            "handeling_initiator": "aanvragen",
            "onderwerp": "Evenementvergunning",
            "handeling_behandelaar": "vaststellen",
            "doorlooptijd_behandeling": "P30D",
            "servicenorm_behandeling": null,
            "opschorting_en_aanhouding_mogelijk": true,
            "verlenging_mogelijk": false,
            "verlengingstermijn": null,
            "trefwoorden": "[]",
            "publicatie_indicatie": true,
            "publicatietekst": "",
            "verantwoordingsrelatie": "[]",
            "versiedatum": "2018-01-01",
            "verantwoordelijke": "100000000",
            "producten_of_diensten": "[\"https://example.com/product/123\"]",
            "selectielijst_procestype": "",
            "selectielijst_procestype_jaar": 2017,
            "referentieproces_naam": "ReferentieProces 0",
            "referentieproces_link": "",
            "broncatalogus_url": "",
            "broncatalogus_domein": "",
            "broncatalogus_rsin": "",
            "bronzaaktype_url": "",
            "bronzaaktype_identificatie": "",
            "bronzaaktype_omschrijving": "",
            "catalogus": 1,
            "deelzaaktypen": []
        }
    },
    {
        "model": "catalogi.zaaktype",
        "pk": 2,
        "fields": {
            "_etag": "4fca85824927418c94f6a3e27111b003",
            "datum_begin_geldigheid": "2018-01-01",
            "datum_einde_geldigheid": null,
            "concept": false,
            "uuid": "f3a81c4f-5721-45f0-95cb-7881b99362a0",
            "identificatie": "",
            "zaaktype_omschrijving": "deliver revolutionary synergies",
            "zaaktype_omschrijving_generiek": "",
            "vertrouwelijkheidaanduiding": "",
            "doel": "That cost trip meeting hair. Ahead eat draw strategy class answer.",
            "aanleiding": "Still subject clear role per. Somebody mean issue policy expect development.",
            "toelichting": "",
            "indicatie_intern_of_extern": "extern",
            "handeling_initiator": "indienen",
            "onderwerp": "Geboorte",
            "handeling_behandelaar": "behandelen",
            "doorlooptijd_behandeling": "P30D",
            "servicenorm_behandeling": null,
            "opschorting_en_aanhouding_mogelijk": true,
            "verlenging_mogelijk": true,
            "verlengingstermijn": "P30D",
            "trefwoorden": "[]",
            "publicatie_indicatie": false,
            "publicatietekst": "",
            "verantwoordingsrelatie": "[]",
            "versiedatum": "2018-01-01",
            "verantwoordelijke": "100000001",
            "producten_of_diensten": "[\"https://example.com/product/123\"]",
            "selectielijst_procestype": "",
            "selectielijst_procestype_jaar": 2017,
            "referentieproces_naam": "ReferentieProces 1",
            "referentieproces_link": "",
            "broncatalogus_url": "",
            "broncatalogus_domein": "",
            "broncatalogus_rsin": "",
            "bronzaaktype_url": "",
            "bronzaaktype_identificatie": "",
            "bronzaaktype_omschrijving": "",
            "catalogus": 1,
            "deelzaaktypen": []
        }
    },
    {
        "model": "catalogi.zaaktype",
        "pk": 3,
        "fields": {
            "_etag": "14f58f84e33e2e7cfcb00ad68495d6b8",
            "datum_begin_geldigheid": "2018-01-01",
            "datum_einde_geldigheid": null,
            "concept": false,
            "uuid": "b98d7aa6-9c39-4fe6-aeb6-b2b1f56127f1",
            "identificatie": "",
            "zaaktype_omschrijving": "incentivize cross-media architectures",
            "zaaktype_omschrijving_generiek": "",
            "vertrouwelijkheidaanduiding": "",
            "doel": "Property month start how three discuss type against. Game week foreign approach seat.",
            "aanleiding": "During score husband idea. Need under television we modern into reflect. Possible capital walk me woman.",
            "toelichting": "",
            "indicatie_intern_of_extern": "intern",
            "handeling_initiator": "aanvragen",
            "onderwerp": "Geboorte",
            "handeling_behandelaar": "uitvoeren",
            "doorlooptijd_behandeling": "P30D",
            "servicenorm_behandeling": null,
            "opschorting_en_aanhouding_mogelijk": true,
            "verlenging_mogelijk": true,
            "verlengingstermijn": "P30D",
            "trefwoorden": "[]",
            "publicatie_indicatie": false,
            "publicatietekst": "",
            "verantwoordingsrelatie": "[]",
            "versiedatum": "2018-01-01",
            "verantwoordelijke": "100000002",
            "producten_of_diensten": "[\"https://example.com/product/123\"]",
            "selectielijst_procestype": "",
            "selectielijst_procestype_jaar": 2017,
            "referentieproces_naam": "ReferentieProces 2",
            "referentieproces_link": "",
            "broncatalogus_url": "",
            "broncatalogus_domein": "",
            "broncatalogus_rsin": "",
            "bronzaaktype_url": "",
            "bronzaaktype_identificatie": "",
            "bronzaaktype_omschrijving": "",
            "catalogus": 1,
            "deelzaaktypen": []
        }
    },
    {
        "model": "config.internalservice",
        "pk": 1,
        "fields": {
            "api_type": "ac",
            "enabled": true
        }
    },
    {
        "model": "config.internalservice",
        "pk": 2,
        "fields": {
            "api_type": "zrc",
            "enabled": true
        }
    },
    {
        "model": "config.internalservice",
        "pk": 3,
        "fields": {
            "api_type": "ztc",
            "enabled": true
        }
    },
    {
        "model": "config.internalservice",
        "pk": 4,
        "fields": {
            "api_type": "drc",
            "enabled": true
        }
    },
    {
        "model": "config.internalservice",
        "pk": 5,
        "fields": {
            "api_type": "brc",
            "enabled": true
        }
    },
    {
        "model": "selectielijst.referentielijstconfig",
        "pk": 1,
        "fields": {
            "api_root": "https://selectielijst.openzaak.nl/api/v1/",
            "allowed_years": "[\"2017\", \"2020\"]",
            "default_year": 2020
        }
    }
]