[
    {
        "model": "auth.permission",
        "pk": 1,
        "fields": {
            "name": "Can add content type",
            "content_type": 1,
            "codename": "add_contenttype"
        }
    },
    {
        "model": "auth.permission",
        "pk": 2,
        "fields": {
            "name": "Can change content type",
            "content_type": 1,
            "codename": "change_contenttype"
        }
    },
    {
        "model": "auth.permission",
        "pk": 3,
        "fields": {
            "name": "Can delete content type",
            "content_type": 1,
            "codename": "delete_contenttype"
        }
    },
    {
        "model": "auth.permission",
        "pk": 4,
        "fields": {
            "name": "Can view content type",
            "content_type": 1,
            "codename": "view_contenttype"
        }
    },
    {
        "model": "auth.permission",
        "pk": 5,
        "fields": {
            "name": "Can add permission",
            "content_type": 2,
            "codename": "add_permission"
        }
    },
    {
        "model": "auth.permission",
        "pk": 6,
        "fields": {
            "name": "Can change permission",
            "content_type": 2,
            "codename": "change_permission"
        }
    },
    {
        "model": "auth.permission",
        "pk": 7,
        "fields": {
            "name": "Can delete permission",
            "content_type": 2,
            "codename": "delete_permission"
        }
    },
    {
        "model": "auth.permission",
        "pk": 8,
        "fields": {
            "name": "Can view permission",
            "content_type": 2,
            "codename": "view_permission"
        }
    },
    {
        "model": "auth.permission",
        "pk": 9,
        "fields": {
            "name": "Can add group",
            "content_type": 3,
            "codename": "add_group"
        }
    },
    {
        "model": "auth.permission",
        "pk": 10,
        "fields": {
            "name": "Can change group",
            "content_type": 3,
            "codename": "change_group"
        }
    },
    {
        "model": "auth.permission",
        "pk": 11,
        "fields": {
            "name": "Can delete group",
            "content_type": 3,
            "codename": "delete_group"
        }
    },
    {
        "model": "auth.permission",
        "pk": 12,
        "fields": {
            "name": "Can view group",
            "content_type": 3,
            "codename": "view_group"
        }
    },
    {
        "model": "auth.permission",
        "pk": 13,
        "fields": {
            "name": "Can add session",
            "content_type": 4,
            "codename": "add_session"
        }
    },
    {
        "model": "auth.permission",
        "pk": 14,
        "fields": {
            "name": "Can change session",
            "content_type": 4,
            "codename": "change_session"
        }
    },
    {
        "model": "auth.permission",
        "pk": 15,
        "fields": {
            "name": "Can delete session",
            "content_type": 4,
            "codename": "delete_session"
        }
    },
    {
        "model": "auth.permission",
        "pk": 16,
        "fields": {
            "name": "Can view session",
            "content_type": 4,
            "codename": "view_session"
        }
    },
    {
        "model": "auth.permission",
        "pk": 17,
        "fields": {
            "name": "Can add site",
            "content_type": 5,
            "codename": "add_site"
        }
    },
    {
        "model": "auth.permission",
        "pk": 18,
        "fields": {
            "name": "Can change site",
            "content_type": 5,
            "codename": "change_site"
        }
    },
    {
        "model": "auth.permission",
        "pk": 19,
        "fields": {
            "name": "Can delete site",
            "content_type": 5,
            "codename": "delete_site"
        }
    },
    {
        "model": "auth.permission",
        "pk": 20,
        "fields": {
            "name": "Can view site",
            "content_type": 5,
            "codename": "view_site"
        }
    },
    {
        "model": "auth.permission",
        "pk": 21,
        "fields": {
            "name": "Can add content type proxy",
            "content_type": 6,
            "codename": "add_contenttypeproxy"
        }
    },
    {
        "model": "auth.permission",
        "pk": 22,
        "fields": {
            "name": "Can change content type proxy",
            "content_type": 6,
            "codename": "change_contenttypeproxy"
        }
    },
    {
        "model": "auth.permission",
        "pk": 23,
        "fields": {
            "name": "Can delete content type proxy",
            "content_type": 6,
            "codename": "delete_contenttypeproxy"
        }
    },
    {
        "model": "auth.permission",
        "pk": 24,
        "fields": {
            "name": "Can view content type proxy",
            "content_type": 6,
            "codename": "view_contenttypeproxy"
        }
    },
    {
        "model": "auth.permission",
        "pk": 25,
        "fields": {
            "name": "Can add application group",
            "content_type": 7,
            "codename": "add_appgroup"
        }
    },
    {
        "model": "auth.permission",
        "pk": 26,
        "fields": {
            "name": "Can change application group",
            "content_type": 7,
            "codename": "change_appgroup"
        }
    },
    {
        "model": "auth.permission",
        "pk": 27,
        "fields": {
            "name": "Can delete application group",
            "content_type": 7,
            "codename": "delete_appgroup"
        }
    },
    {
        "model": "auth.permission",
        "pk": 28,
        "fields": {
            "name": "Can view application group",
            "content_type": 7,
            "codename": "view_appgroup"
        }
    },
    {
        "model": "auth.permission",
        "pk": 29,
        "fields": {
            "name": "Can add application link",
            "content_type": 8,
            "codename": "add_applink"
        }
    },
    {
        "model": "auth.permission",
        "pk": 30,
        "fields": {
            "name": "Can change application link",
            "content_type": 8,
            "codename": "change_applink"
        }
    },
    {
        "model": "auth.permission",
        "pk": 31,
        "fields": {
            "name": "Can delete application link",
            "content_type": 8,
            "codename": "delete_applink"
        }
    },
    {
        "model": "auth.permission",
        "pk": 32,
        "fields": {
            "name": "Can view application link",
            "content_type": 8,
            "codename": "view_applink"
        }
    },
    {
        "model": "auth.permission",
        "pk": 33,
        "fields": {
            "name": "Can add log entry",
            "content_type": 9,
            "codename": "add_logentry"
        }
    },
    {
        "model": "auth.permission",
        "pk": 34,
        "fields": {
            "name": "Can change log entry",
            "content_type": 9,
            "codename": "change_logentry"
        }
    },
    {
        "model": "auth.permission",
        "pk": 35,
        "fields": {
            "name": "Can delete log entry",
            "content_type": 9,
            "codename": "delete_logentry"
        }
    },
    {
        "model": "auth.permission",
        "pk": 36,
        "fields": {
            "name": "Can view log entry",
            "content_type": 9,
            "codename": "view_logentry"
        }
    },
    {
        "model": "auth.permission",
        "pk": 37,
        "fields": {
            "name": "Can add access failure",
            "content_type": 10,
            "codename": "add_accessfailurelog"
        }
    },
    {
        "model": "auth.permission",
        "pk": 38,
        "fields": {
            "name": "Can change access failure",
            "content_type": 10,
            "codename": "change_accessfailurelog"
        }
    },
    {
        "model": "auth.permission",
        "pk": 39,
        "fields": {
            "name": "Can delete access failure",
            "content_type": 10,
            "codename": "delete_accessfailurelog"
        }
    },
    {
        "model": "auth.permission",
        "pk": 40,
        "fields": {
            "name": "Can view access failure",
            "content_type": 10,
            "codename": "view_accessfailurelog"
        }
    },
    {
        "model": "auth.permission",
        "pk": 41,
        "fields": {
            "name": "Can add access attempt",
            "content_type": 11,
            "codename": "add_accessattempt"
        }
    },
    {
        "model": "auth.permission",
        "pk": 42,
        "fields": {
            "name": "Can change access attempt",
            "content_type": 11,
            "codename": "change_accessattempt"
        }
    },
    {
        "model": "auth.permission",
        "pk": 43,
        "fields": {
            "name": "Can delete access attempt",
            "content_type": 11,
            "codename": "delete_accessattempt"
        }
    },
    {
        "model": "auth.permission",
        "pk": 44,
        "fields": {
            "name": "Can view access attempt",
            "content_type": 11,
            "codename": "view_accessattempt"
        }
    },
    {
        "model": "auth.permission",
        "pk": 45,
        "fields": {
            "name": "Can add access log",
            "content_type": 12,
            "codename": "add_accesslog"
        }
    },
    {
        "model": "auth.permission",
        "pk": 46,
        "fields": {
            "name": "Can change access log",
            "content_type": 12,
            "codename": "change_accesslog"
        }
    },
    {
        "model": "auth.permission",
        "pk": 47,
        "fields": {
            "name": "Can delete access log",
            "content_type": 12,
            "codename": "delete_accesslog"
        }
    },
    {
        "model": "auth.permission",
        "pk": 48,
        "fields": {
            "name": "Can view access log",
            "content_type": 12,
            "codename": "view_accesslog"
        }
    },
    {
        "model": "auth.permission",
        "pk": 49,
        "fields": {
            "name": "Can add client credential",
            "content_type": 13,
            "codename": "add_jwtsecret"
        }
    },
    {
        "model": "auth.permission",
        "pk": 50,
        "fields": {
            "name": "Can change client credential",
            "content_type": 13,
            "codename": "change_jwtsecret"
        }
    },
    {
        "model": "auth.permission",
        "pk": 51,
        "fields": {
            "name": "Can delete client credential",
            "content_type": 13,
            "codename": "delete_jwtsecret"
        }
    },
    {
        "model": "auth.permission",
        "pk": 52,
        "fields": {
            "name": "Can view client credential",
            "content_type": 13,
            "codename": "view_jwtsecret"
        }
    },
    {
        "model": "auth.permission",
        "pk": 53,
        "fields": {
            "name": "Can add external API credential",
            "content_type": 14,
            "codename": "add_apicredential"
        }
    },
    {
        "model": "auth.permission",
        "pk": 54,
        "fields": {
            "name": "Can change external API credential",
            "content_type": 14,
            "codename": "change_apicredential"
        }
    },
    {
        "model": "auth.permission",
        "pk": 55,
        "fields": {
            "name": "Can delete external API credential",
            "content_type": 14,
            "codename": "delete_apicredential"
        }
    },
    {
        "model": "auth.permission",
        "pk": 56,
        "fields": {
            "name": "Can view external API credential",
            "content_type": 14,
            "codename": "view_apicredential"
        }
    },
    {
        "model": "auth.permission",
        "pk": 57,
        "fields": {
            "name": "Can add Notificatiescomponentconfiguratie",
            "content_type": 15,
            "codename": "add_notificationsconfig"
        }
    },
    {
        "model": "auth.permission",
        "pk": 58,
        "fields": {
            "name": "Can change Notificatiescomponentconfiguratie",
            "content_type": 15,
            "codename": "change_notificationsconfig"
        }
    },
    {
        "model": "auth.permission",
        "pk": 59,
        "fields": {
            "name": "Can delete Notificatiescomponentconfiguratie",
            "content_type": 15,
            "codename": "delete_notificationsconfig"
        }
    },
    {
        "model": "auth.permission",
        "pk": 60,
        "fields": {
            "name": "Can view Notificatiescomponentconfiguratie",
            "content_type": 15,
            "codename": "view_notificationsconfig"
        }
    },
    {
        "model": "auth.permission",
        "pk": 61,
        "fields": {
            "name": "Can add Webhook subscription",
            "content_type": 16,
            "codename": "add_subscription"
        }
    },
    {
        "model": "auth.permission",
        "pk": 62,
        "fields": {
            "name": "Can change Webhook subscription",
            "content_type": 16,
            "codename": "change_subscription"
        }
    },
    {
        "model": "auth.permission",
        "pk": 63,
        "fields": {
            "name": "Can delete Webhook subscription",
            "content_type": 16,
            "codename": "delete_subscription"
        }
    },
    {
        "model": "auth.permission",
        "pk": 64,
        "fields": {
            "name": "Can view Webhook subscription",
            "content_type": 16,
            "codename": "view_subscription"
        }
    },
    {
        "model": "auth.permission",
        "pk": 65,
        "fields": {
            "name": "Can add static device",
            "content_type": 17,
            "codename": "add_staticdevice"
        }
    },
    {
        "model": "auth.permission",
        "pk": 66,
        "fields": {
            "name": "Can change static device",
            "content_type": 17,
            "codename": "change_staticdevice"
        }
    },
    {
        "model": "auth.permission",
        "pk": 67,
        "fields": {
            "name": "Can delete static device",
            "content_type": 17,
            "codename": "delete_staticdevice"
        }
    },
    {
        "model": "auth.permission",
        "pk": 68,
        "fields": {
            "name": "Can view static device",
            "content_type": 17,
            "codename": "view_staticdevice"
        }
    },
    {
        "model": "auth.permission",
        "pk": 69,
        "fields": {
            "name": "Can add static token",
            "content_type": 18,
            "codename": "add_statictoken"
        }
    },
    {
        "model": "auth.permission",
        "pk": 70,
        "fields": {
            "name": "Can change static token",
            "content_type": 18,
            "codename": "change_statictoken"
        }
    },
    {
        "model": "auth.permission",
        "pk": 71,
        "fields": {
            "name": "Can delete static token",
            "content_type": 18,
            "codename": "delete_statictoken"
        }
    },
    {
        "model": "auth.permission",
        "pk": 72,
        "fields": {
            "name": "Can view static token",
            "content_type": 18,
            "codename": "view_statictoken"
        }
    },
    {
        "model": "auth.permission",
        "pk": 73,
        "fields": {
            "name": "Can add TOTP device",
            "content_type": 19,
            "codename": "add_totpdevice"
        }
    },
    {
        "model": "auth.permission",
        "pk": 74,
        "fields": {
            "name": "Can change TOTP device",
            "content_type": 19,
            "codename": "change_totpdevice"
        }
    },
    {
        "model": "auth.permission",
        "pk": 75,
        "fields": {
            "name": "Can delete TOTP device",
            "content_type": 19,
            "codename": "delete_totpdevice"
        }
    },
    {
        "model": "auth.permission",
        "pk": 76,
        "fields": {
            "name": "Can view TOTP device",
            "content_type": 19,
            "codename": "view_totpdevice"
        }
    },
    {
        "model": "auth.permission",
        "pk": 77,
        "fields": {
            "name": "Can add webauthn device",
            "content_type": 20,
            "codename": "add_webauthndevice"
        }
    },
    {
        "model": "auth.permission",
        "pk": 78,
        "fields": {
            "name": "Can change webauthn device",
            "content_type": 20,
            "codename": "change_webauthndevice"
        }
    },
    {
        "model": "auth.permission",
        "pk": 79,
        "fields": {
            "name": "Can delete webauthn device",
            "content_type": 20,
            "codename": "delete_webauthndevice"
        }
    },
    {
        "model": "auth.permission",
        "pk": 80,
        "fields": {
            "name": "Can view webauthn device",
            "content_type": 20,
            "codename": "view_webauthndevice"
        }
    },
    {
        "model": "auth.permission",
        "pk": 81,
        "fields": {
            "name": "Can add certificate",
            "content_type": 21,
            "codename": "add_certificate"
        }
    },
    {
        "model": "auth.permission",
        "pk": 82,
        "fields": {
            "name": "Can change certificate",
            "content_type": 21,
            "codename": "change_certificate"
        }
    },
    {
        "model": "auth.permission",
        "pk": 83,
        "fields": {
            "name": "Can delete certificate",
            "content_type": 21,
            "codename": "delete_certificate"
        }
    },
    {
        "model": "auth.permission",
        "pk": 84,
        "fields": {
            "name": "Can view certificate",
            "content_type": 21,
            "codename": "view_certificate"
        }
    },
    {
        "model": "auth.permission",
        "pk": 85,
        "fields": {
            "name": "Can add certificate",
            "content_type": 22,
            "codename": "add_certificate"
        }
    },
    {
        "model": "auth.permission",
        "pk": 86,
        "fields": {
            "name": "Can change certificate",
            "content_type": 22,
            "codename": "change_certificate"
        }
    },
    {
        "model": "auth.permission",
        "pk": 87,
        "fields": {
            "name": "Can delete certificate",
            "content_type": 22,
            "codename": "delete_certificate"
        }
    },
    {
        "model": "auth.permission",
        "pk": 88,
        "fields": {
            "name": "Can view certificate",
            "content_type": 22,
            "codename": "view_certificate"
        }
    },
    {
        "model": "auth.permission",
        "pk": 89,
        "fields": {
            "name": "Can add service",
            "content_type": 23,
            "codename": "add_service"
        }
    },
    {
        "model": "auth.permission",
        "pk": 90,
        "fields": {
            "name": "Can change service",
            "content_type": 23,
            "codename": "change_service"
        }
    },
    {
        "model": "auth.permission",
        "pk": 91,
        "fields": {
            "name": "Can delete service",
            "content_type": 23,
            "codename": "delete_service"
        }
    },
    {
        "model": "auth.permission",
        "pk": 92,
        "fields": {
            "name": "Can view service",
            "content_type": 23,
            "codename": "view_service"
        }
    },
    {
        "model": "auth.permission",
        "pk": 93,
        "fields": {
            "name": "Can add NLX configuration",
            "content_type": 24,
            "codename": "add_nlxconfig"
        }
    },
    {
        "model": "auth.permission",
        "pk": 94,
        "fields": {
            "name": "Can change NLX configuration",
            "content_type": 24,
            "codename": "change_nlxconfig"
        }
    },
    {
        "model": "auth.permission",
        "pk": 95,
        "fields": {
            "name": "Can delete NLX configuration",
            "content_type": 24,
            "codename": "delete_nlxconfig"
        }
    },
    {
        "model": "auth.permission",
        "pk": 96,
        "fields": {
            "name": "Can view NLX configuration",
            "content_type": 24,
            "codename": "view_nlxconfig"
        }
    },
    {
        "model": "auth.permission",
        "pk": 97,
        "fields": {
            "name": "Can add OpenID Connect configuration",
            "content_type": 25,
            "codename": "add_openidconnectconfig"
        }
    },
    {
        "model": "auth.permission",
        "pk": 98,
        "fields": {
            "name": "Can change OpenID Connect configuration",
            "content_type": 25,
            "codename": "change_openidconnectconfig"
        }
    },
    {
        "model": "auth.permission",
        "pk": 99,
        "fields": {
            "name": "Can delete OpenID Connect configuration",
            "content_type": 25,
            "codename": "delete_openidconnectconfig"
        }
    },
    {
        "model": "auth.permission",
        "pk": 100,
        "fields": {
            "name": "Can view OpenID Connect configuration",
            "content_type": 25,
            "codename": "view_openidconnectconfig"
        }
    },
    {
        "model": "auth.permission",
        "pk": 101,
        "fields": {
            "name": "Can add Outgoing request log",
            "content_type": 26,
            "codename": "add_outgoingrequestslog"
        }
    },
    {
        "model": "auth.permission",
        "pk": 102,
        "fields": {
            "name": "Can change Outgoing request log",
            "content_type": 26,
            "codename": "change_outgoingrequestslog"
        }
    },
    {
        "model": "auth.permission",
        "pk": 103,
        "fields": {
            "name": "Can delete Outgoing request log",
            "content_type": 26,
            "codename": "delete_outgoingrequestslog"
        }
    },
    {
        "model": "auth.permission",
        "pk": 104,
        "fields": {
            "name": "Can view Outgoing request log",
            "content_type": 26,
            "codename": "view_outgoingrequestslog"
        }
    },
    {
        "model": "auth.permission",
        "pk": 105,
        "fields": {
            "name": "Can add Outgoing request log configuration",
            "content_type": 27,
            "codename": "add_outgoingrequestslogconfig"
        }
    },
    {
        "model": "auth.permission",
        "pk": 106,
        "fields": {
            "name": "Can change Outgoing request log configuration",
            "content_type": 27,
            "codename": "change_outgoingrequestslogconfig"
        }
    },
    {
        "model": "auth.permission",
        "pk": 107,
        "fields": {
            "name": "Can delete Outgoing request log configuration",
            "content_type": 27,
            "codename": "delete_outgoingrequestslogconfig"
        }
    },
    {
        "model": "auth.permission",
        "pk": 108,
        "fields": {
            "name": "Can view Outgoing request log configuration",
            "content_type": 27,
            "codename": "view_outgoingrequestslogconfig"
        }
    },
    {
        "model": "auth.permission",
        "pk": 109,
        "fields": {
            "name": "Can add Logging",
            "content_type": 28,
            "codename": "add_statuslog"
        }
    },
    {
        "model": "auth.permission",
        "pk": 110,
        "fields": {
            "name": "Can change Logging",
            "content_type": 28,
            "codename": "change_statuslog"
        }
    },
    {
        "model": "auth.permission",
        "pk": 111,
        "fields": {
            "name": "Can delete Logging",
            "content_type": 28,
            "codename": "delete_statuslog"
        }
    },
    {
        "model": "auth.permission",
        "pk": 112,
        "fields": {
            "name": "Can view Logging",
            "content_type": 28,
            "codename": "view_statuslog"
        }
    },
    {
        "model": "auth.permission",
        "pk": 113,
        "fields": {
            "name": "Can add Autorisatiecomponentconfiguratie",
            "content_type": 29,
            "codename": "add_authorizationsconfig"
        }
    },
    {
        "model": "auth.permission",
        "pk": 114,
        "fields": {
            "name": "Can change Autorisatiecomponentconfiguratie",
            "content_type": 29,
            "codename": "change_authorizationsconfig"
        }
    },
    {
        "model": "auth.permission",
        "pk": 115,
        "fields": {
            "name": "Can delete Autorisatiecomponentconfiguratie",
            "content_type": 29,
            "codename": "delete_authorizationsconfig"
        }
    },
    {
        "model": "auth.permission",
        "pk": 116,
        "fields": {
            "name": "Can view Autorisatiecomponentconfiguratie",
            "content_type": 29,
            "codename": "view_authorizationsconfig"
        }
    },
    {
        "model": "auth.permission",
        "pk": 117,
        "fields": {
            "name": "Can add applicatie",
            "content_type": 30,
            "codename": "add_applicatie"
        }
    },
    {
        "model": "auth.permission",
        "pk": 118,
        "fields": {
            "name": "Can change applicatie",
            "content_type": 30,
            "codename": "change_applicatie"
        }
    },
    {
        "model": "auth.permission",
        "pk": 119,
        "fields": {
            "name": "Can delete applicatie",
            "content_type": 30,
            "codename": "delete_applicatie"
        }
    },
    {
        "model": "auth.permission",
        "pk": 120,
        "fields": {
            "name": "Can view applicatie",
            "content_type": 30,
            "codename": "view_applicatie"
        }
    },
    {
        "model": "auth.permission",
        "pk": 121,
        "fields": {
            "name": "Can add autorisatie",
            "content_type": 31,
            "codename": "add_autorisatie"
        }
    },
    {
        "model": "auth.permission",
        "pk": 122,
        "fields": {
            "name": "Can change autorisatie",
            "content_type": 31,
            "codename": "change_autorisatie"
        }
    },
    {
        "model": "auth.permission",
        "pk": 123,
        "fields": {
            "name": "Can delete autorisatie",
            "content_type": 31,
            "codename": "delete_autorisatie"
        }
    },
    {
        "model": "auth.permission",
        "pk": 124,
        "fields": {
            "name": "Can view autorisatie",
            "content_type": 31,
            "codename": "view_autorisatie"
        }
    },
    {
        "model": "auth.permission",
        "pk": 125,
        "fields": {
            "name": "Can add audit trail",
            "content_type": 32,
            "codename": "add_audittrail"
        }
    },
    {
        "model": "auth.permission",
        "pk": 126,
        "fields": {
            "name": "Can change audit trail",
            "content_type": 32,
            "codename": "change_audittrail"
        }
    },
    {
        "model": "auth.permission",
        "pk": 127,
        "fields": {
            "name": "Can delete audit trail",
            "content_type": 32,
            "codename": "delete_audittrail"
        }
    },
    {
        "model": "auth.permission",
        "pk": 128,
        "fields": {
            "name": "Can view audit trail",
            "content_type": 32,
            "codename": "view_audittrail"
        }
    },
    {
        "model": "auth.permission",
        "pk": 129,
        "fields": {
            "name": "Can add Notificatiescomponentconfiguratie",
            "content_type": 33,
            "codename": "add_notificationsconfig"
        }
    },
    {
        "model": "auth.permission",
        "pk": 130,
        "fields": {
            "name": "Can change Notificatiescomponentconfiguratie",
            "content_type": 33,
            "codename": "change_notificationsconfig"
        }
    },
    {
        "model": "auth.permission",
        "pk": 131,
        "fields": {
            "name": "Can delete Notificatiescomponentconfiguratie",
            "content_type": 33,
            "codename": "delete_notificationsconfig"
        }
    },
    {
        "model": "auth.permission",
        "pk": 132,
        "fields": {
            "name": "Can view Notificatiescomponentconfiguratie",
            "content_type": 33,
            "codename": "view_notificationsconfig"
        }
    },
    {
        "model": "auth.permission",
        "pk": 133,
        "fields": {
            "name": "Can add Webhook subscription",
            "content_type": 34,
            "codename": "add_subscription"
        }
    },
    {
        "model": "auth.permission",
        "pk": 134,
        "fields": {
            "name": "Can change Webhook subscription",
            "content_type": 34,
            "codename": "change_subscription"
        }
    },
    {
        "model": "auth.permission",
        "pk": 135,
        "fields": {
            "name": "Can delete Webhook subscription",
            "content_type": 34,
            "codename": "delete_subscription"
        }
    },
    {
        "model": "auth.permission",
        "pk": 136,
        "fields": {
            "name": "Can view Webhook subscription",
            "content_type": 34,
            "codename": "view_subscription"
        }
    },
    {
        "model": "auth.permission",
        "pk": 137,
        "fields": {
            "name": "Can add CMIS Configuration",
            "content_type": 35,
            "codename": "add_cmisconfig"
        }
    },
    {
        "model": "auth.permission",
        "pk": 138,
        "fields": {
            "name": "Can change CMIS Configuration",
            "content_type": 35,
            "codename": "change_cmisconfig"
        }
    },
    {
        "model": "auth.permission",
        "pk": 139,
        "fields": {
            "name": "Can delete CMIS Configuration",
            "content_type": 35,
            "codename": "delete_cmisconfig"
        }
    },
    {
        "model": "auth.permission",
        "pk": 140,
        "fields": {
            "name": "Can view CMIS Configuration",
            "content_type": 35,
            "codename": "view_cmisconfig"
        }
    },
    {
        "model": "auth.permission",
        "pk": 141,
        "fields": {
            "name": "Can add URL mapping",
            "content_type": 36,
            "codename": "add_urlmapping"
        }
    },
    {
        "model": "auth.permission",
        "pk": 142,
        "fields": {
            "name": "Can change URL mapping",
            "content_type": 36,
            "codename": "change_urlmapping"
        }
    },
    {
        "model": "auth.permission",
        "pk": 143,
        "fields": {
            "name": "Can delete URL mapping",
            "content_type": 36,
            "codename": "delete_urlmapping"
        }
    },
    {
        "model": "auth.permission",
        "pk": 144,
        "fields": {
            "name": "Can view URL mapping",
            "content_type": 36,
            "codename": "view_urlmapping"
        }
    },
    {
        "model": "auth.permission",
        "pk": 145,
        "fields": {
            "name": "Can add user",
            "content_type": 37,
            "codename": "add_user"
        }
    },
    {
        "model": "auth.permission",
        "pk": 146,
        "fields": {
            "name": "Can change user",
            "content_type": 37,
            "codename": "change_user"
        }
    },
    {
        "model": "auth.permission",
        "pk": 147,
        "fields": {
            "name": "Can delete user",
            "content_type": 37,
            "codename": "delete_user"
        }
    },
    {
        "model": "auth.permission",
        "pk": 148,
        "fields": {
            "name": "Can view user",
            "content_type": 37,
            "codename": "view_user"
        }
    },
    {
        "model": "auth.permission",
        "pk": 149,
        "fields": {
            "name": "Can add import",
            "content_type": 38,
            "codename": "add_import"
        }
    },
    {
        "model": "auth.permission",
        "pk": 150,
        "fields": {
            "name": "Can change import",
            "content_type": 38,
            "codename": "change_import"
        }
    },
    {
        "model": "auth.permission",
        "pk": 151,
        "fields": {
            "name": "Can delete import",
            "content_type": 38,
            "codename": "delete_import"
        }
    },
    {
        "model": "auth.permission",
        "pk": 152,
        "fields": {
            "name": "Can view import",
            "content_type": 38,
            "codename": "view_import"
        }
    },
    {
        "model": "auth.permission",
        "pk": 153,
        "fields": {
            "name": "Can add autorisatiespec",
            "content_type": 39,
            "codename": "add_autorisatiespec"
        }
    },
    {
        "model": "auth.permission",
        "pk": 154,
        "fields": {
            "name": "Can change autorisatiespec",
            "content_type": 39,
            "codename": "change_autorisatiespec"
        }
    },
    {
        "model": "auth.permission",
        "pk": 155,
        "fields": {
            "name": "Can delete autorisatiespec",
            "content_type": 39,
            "codename": "delete_autorisatiespec"
        }
    },
    {
        "model": "auth.permission",
        "pk": 156,
        "fields": {
            "name": "Can view autorisatiespec",
            "content_type": 39,
            "codename": "view_autorisatiespec"
        }
    },
    {
        "model": "auth.permission",
        "pk": 157,
        "fields": {
            "name": "Can add zaak identification",
            "content_type": 40,
            "codename": "add_zaakidentificatie"
        }
    },
    {
        "model": "auth.permission",
        "pk": 158,
        "fields": {
            "name": "Can change zaak identification",
            "content_type": 40,
            "codename": "change_zaakidentificatie"
        }
    },
    {
        "model": "auth.permission",
        "pk": 159,
        "fields": {
            "name": "Can delete zaak identification",
            "content_type": 40,
            "codename": "delete_zaakidentificatie"
        }
    },
    {
        "model": "auth.permission",
        "pk": 160,
        "fields": {
            "name": "Can view zaak identification",
            "content_type": 40,
            "codename": "view_zaakidentificatie"
        }
    },
    {
        "model": "auth.permission",
        "pk": 161,
        "fields": {
            "name": "Can add zaak",
            "content_type": 41,
            "codename": "add_zaak"
        }
    },
    {
        "model": "auth.permission",
        "pk": 162,
        "fields": {
            "name": "Can change zaak",
            "content_type": 41,
            "codename": "change_zaak"
        }
    },
    {
        "model": "auth.permission",
        "pk": 163,
        "fields": {
            "name": "Can delete zaak",
            "content_type": 41,
            "codename": "delete_zaak"
        }
    },
    {
        "model": "auth.permission",
        "pk": 164,
        "fields": {
            "name": "Can view zaak",
            "content_type": 41,
            "codename": "view_zaak"
        }
    },
    {
        "model": "auth.permission",
        "pk": 165,
        "fields": {
            "name": "Can add relevante zaak relatie",
            "content_type": 42,
            "codename": "add_relevantezaakrelatie"
        }
    },
    {
        "model": "auth.permission",
        "pk": 166,
        "fields": {
            "name": "Can change relevante zaak relatie",
            "content_type": 42,
            "codename": "change_relevantezaakrelatie"
        }
    },
    {
        "model": "auth.permission",
        "pk": 167,
        "fields": {
            "name": "Can delete relevante zaak relatie",
            "content_type": 42,
            "codename": "delete_relevantezaakrelatie"
        }
    },
    {
        "model": "auth.permission",
        "pk": 168,
        "fields": {
            "name": "Can view relevante zaak relatie",
            "content_type": 42,
            "codename": "view_relevantezaakrelatie"
        }
    },
    {
        "model": "auth.permission",
        "pk": 169,
        "fields": {
            "name": "Can add status",
            "content_type": 43,
            "codename": "add_status"
        }
    },
    {
        "model": "auth.permission",
        "pk": 170,
        "fields": {
            "name": "Can change status",
            "content_type": 43,
            "codename": "change_status"
        }
    },
    {
        "model": "auth.permission",
        "pk": 171,
        "fields": {
            "name": "Can delete status",
            "content_type": 43,
            "codename": "delete_status"
        }
    },
    {
        "model": "auth.permission",
        "pk": 172,
        "fields": {
            "name": "Can view status",
            "content_type": 43,
            "codename": "view_status"
        }
    },
    {
        "model": "auth.permission",
        "pk": 173,
        "fields": {
            "name": "Can add resultaat",
            "content_type": 44,
            "codename": "add_resultaat"
        }
    },
    {
        "model": "auth.permission",
        "pk": 174,
        "fields": {
            "name": "Can change resultaat",
            "content_type": 44,
            "codename": "change_resultaat"
        }
    },
    {
        "model": "auth.permission",
        "pk": 175,
        "fields": {
            "name": "Can delete resultaat",
            "content_type": 44,
            "codename": "delete_resultaat"
        }
    },
    {
        "model": "auth.permission",
        "pk": 176,
        "fields": {
            "name": "Can view resultaat",
            "content_type": 44,
            "codename": "view_resultaat"
        }
    },
    {
        "model": "auth.permission",
        "pk": 177,
        "fields": {
            "name": "Can add Rol",
            "content_type": 45,
            "codename": "add_rol"
        }
    },
    {
        "model": "auth.permission",
        "pk": 178,
        "fields": {
            "name": "Can change Rol",
            "content_type": 45,
            "codename": "change_rol"
        }
    },
    {
        "model": "auth.permission",
        "pk": 179,
        "fields": {
            "name": "Can delete Rol",
            "content_type": 45,
            "codename": "delete_rol"
        }
    },
    {
        "model": "auth.permission",
        "pk": 180,
        "fields": {
            "name": "Can view Rol",
            "content_type": 45,
            "codename": "view_rol"
        }
    },
    {
        "model": "auth.permission",
        "pk": 181,
        "fields": {
            "name": "Can add zaakobject",
            "content_type": 46,
            "codename": "add_zaakobject"
        }
    },
    {
        "model": "auth.permission",
        "pk": 182,
        "fields": {
            "name": "Can change zaakobject",
            "content_type": 46,
            "codename": "change_zaakobject"
        }
    },
    {
        "model": "auth.permission",
        "pk": 183,
        "fields": {
            "name": "Can delete zaakobject",
            "content_type": 46,
            "codename": "delete_zaakobject"
        }
    },
    {
        "model": "auth.permission",
        "pk": 184,
        "fields": {
            "name": "Can view zaakobject",
            "content_type": 46,
            "codename": "view_zaakobject"
        }
    },
    {
        "model": "auth.permission",
        "pk": 185,
        "fields": {
            "name": "Can add zaakeigenschap",
            "content_type": 47,
            "codename": "add_zaakeigenschap"
        }
    },
    {
        "model": "auth.permission",
        "pk": 186,
        "fields": {
            "name": "Can change zaakeigenschap",
            "content_type": 47,
            "codename": "change_zaakeigenschap"
        }
    },
    {
        "model": "auth.permission",
        "pk": 187,
        "fields": {
            "name": "Can delete zaakeigenschap",
            "content_type": 47,
            "codename": "delete_zaakeigenschap"
        }
    },
    {
        "model": "auth.permission",
        "pk": 188,
        "fields": {
            "name": "Can view zaakeigenschap",
            "content_type": 47,
            "codename": "view_zaakeigenschap"
        }
    },
    {
        "model": "auth.permission",
        "pk": 189,
        "fields": {
            "name": "Can add zaak kenmerk",
            "content_type": 48,
            "codename": "add_zaakkenmerk"
        }
    },
    {
        "model": "auth.permission",
        "pk": 190,
        "fields": {
            "name": "Can change zaak kenmerk",
            "content_type": 48,
            "codename": "change_zaakkenmerk"
        }
    },
    {
        "model": "auth.permission",
        "pk": 191,
        "fields": {
            "name": "Can delete zaak kenmerk",
            "content_type": 48,
            "codename": "delete_zaakkenmerk"
        }
    },
    {
        "model": "auth.permission",
        "pk": 192,
        "fields": {
            "name": "Can view zaak kenmerk",
            "content_type": 48,
            "codename": "view_zaakkenmerk"
        }
    },
    {
        "model": "auth.permission",
        "pk": 193,
        "fields": {
            "name": "Can add zaakinformatieobject",
            "content_type": 49,
            "codename": "add_zaakinformatieobject"
        }
    },
    {
        "model": "auth.permission",
        "pk": 194,
        "fields": {
            "name": "Can change zaakinformatieobject",
            "content_type": 49,
            "codename": "change_zaakinformatieobject"
        }
    },
    {
        "model": "auth.permission",
        "pk": 195,
        "fields": {
            "name": "Can delete zaakinformatieobject",
            "content_type": 49,
            "codename": "delete_zaakinformatieobject"
        }
    },
    {
        "model": "auth.permission",
        "pk": 196,
        "fields": {
            "name": "Can view zaakinformatieobject",
            "content_type": 49,
            "codename": "view_zaakinformatieobject"
        }
    },
    {
        "model": "auth.permission",
        "pk": 197,
        "fields": {
            "name": "Can add klantcontact",
            "content_type": 50,
            "codename": "add_klantcontact"
        }
    },
    {
        "model": "auth.permission",
        "pk": 198,
        "fields": {
            "name": "Can change klantcontact",
            "content_type": 50,
            "codename": "change_klantcontact"
        }
    },
    {
        "model": "auth.permission",
        "pk": 199,
        "fields": {
            "name": "Can delete klantcontact",
            "content_type": 50,
            "codename": "delete_klantcontact"
        }
    },
    {
        "model": "auth.permission",
        "pk": 200,
        "fields": {
            "name": "Can view klantcontact",
            "content_type": 50,
            "codename": "view_klantcontact"
        }
    },
    {
        "model": "auth.permission",
        "pk": 201,
        "fields": {
            "name": "Can add zaakbesluit",
            "content_type": 51,
            "codename": "add_zaakbesluit"
        }
    },
    {
        "model": "auth.permission",
        "pk": 202,
        "fields": {
            "name": "Can change zaakbesluit",
            "content_type": 51,
            "codename": "change_zaakbesluit"
        }
    },
    {
        "model": "auth.permission",
        "pk": 203,
        "fields": {
            "name": "Can delete zaakbesluit",
            "content_type": 51,
            "codename": "delete_zaakbesluit"
        }
    },
    {
        "model": "auth.permission",
        "pk": 204,
        "fields": {
            "name": "Can view zaakbesluit",
            "content_type": 51,
            "codename": "view_zaakbesluit"
        }
    },
    {
        "model": "auth.permission",
        "pk": 205,
        "fields": {
            "name": "Can add contactmoment",
            "content_type": 52,
            "codename": "add_zaakcontactmoment"
        }
    },
    {
        "model": "auth.permission",
        "pk": 206,
        "fields": {
            "name": "Can change contactmoment",
            "content_type": 52,
            "codename": "change_zaakcontactmoment"
        }
    },
    {
        "model": "auth.permission",
        "pk": 207,
        "fields": {
            "name": "Can delete contactmoment",
            "content_type": 52,
            "codename": "delete_zaakcontactmoment"
        }
    },
    {
        "model": "auth.permission",
        "pk": 208,
        "fields": {
            "name": "Can view contactmoment",
            "content_type": 52,
            "codename": "view_zaakcontactmoment"
        }
    },
    {
        "model": "auth.permission",
        "pk": 209,
        "fields": {
            "name": "Can add zaakverzoek",
            "content_type": 53,
            "codename": "add_zaakverzoek"
        }
    },
    {
        "model": "auth.permission",
        "pk": 210,
        "fields": {
            "name": "Can change zaakverzoek",
            "content_type": 53,
            "codename": "change_zaakverzoek"
        }
    },
    {
        "model": "auth.permission",
        "pk": 211,
        "fields": {
            "name": "Can delete zaakverzoek",
            "content_type": 53,
            "codename": "delete_zaakverzoek"
        }
    },
    {
        "model": "auth.permission",
        "pk": 212,
        "fields": {
            "name": "Can view zaakverzoek",
            "content_type": 53,
            "codename": "view_zaakverzoek"
        }
    },
    {
        "model": "auth.permission",
        "pk": 213,
        "fields": {
            "name": "Can add buurt",
            "content_type": 54,
            "codename": "add_buurt"
        }
    },
    {
        "model": "auth.permission",
        "pk": 214,
        "fields": {
            "name": "Can change buurt",
            "content_type": 54,
            "codename": "change_buurt"
        }
    },
    {
        "model": "auth.permission",
        "pk": 215,
        "fields": {
            "name": "Can delete buurt",
            "content_type": 54,
            "codename": "delete_buurt"
        }
    },
    {
        "model": "auth.permission",
        "pk": 216,
        "fields": {
            "name": "Can view buurt",
            "content_type": 54,
            "codename": "view_buurt"
        }
    },
    {
        "model": "auth.permission",
        "pk": 217,
        "fields": {
            "name": "Can add gemeente",
            "content_type": 55,
            "codename": "add_gemeente"
        }
    },
    {
        "model": "auth.permission",
        "pk": 218,
        "fields": {
            "name": "Can change gemeente",
            "content_type": 55,
            "codename": "change_gemeente"
        }
    },
    {
        "model": "auth.permission",
        "pk": 219,
        "fields": {
            "name": "Can delete gemeente",
            "content_type": 55,
            "codename": "delete_gemeente"
        }
    },
    {
        "model": "auth.permission",
        "pk": 220,
        "fields": {
            "name": "Can view gemeente",
            "content_type": 55,
            "codename": "view_gemeente"
        }
    },
    {
        "model": "auth.permission",
        "pk": 221,
        "fields": {
            "name": "Can add gemeentelijke openbare ruimte",
            "content_type": 56,
            "codename": "add_gemeentelijkeopenbareruimte"
        }
    },
    {
        "model": "auth.permission",
        "pk": 222,
        "fields": {
            "name": "Can change gemeentelijke openbare ruimte",
            "content_type": 56,
            "codename": "change_gemeentelijkeopenbareruimte"
        }
    },
    {
        "model": "auth.permission",
        "pk": 223,
        "fields": {
            "name": "Can delete gemeentelijke openbare ruimte",
            "content_type": 56,
            "codename": "delete_gemeentelijkeopenbareruimte"
        }
    },
    {
        "model": "auth.permission",
        "pk": 224,
        "fields": {
            "name": "Can view gemeentelijke openbare ruimte",
            "content_type": 56,
            "codename": "view_gemeentelijkeopenbareruimte"
        }
    },
    {
        "model": "auth.permission",
        "pk": 225,
        "fields": {
            "name": "Can add huishouden",
            "content_type": 57,
            "codename": "add_huishouden"
        }
    },
    {
        "model": "auth.permission",
        "pk": 226,
        "fields": {
            "name": "Can change huishouden",
            "content_type": 57,
            "codename": "change_huishouden"
        }
    },
    {
        "model": "auth.permission",
        "pk": 227,
        "fields": {
            "name": "Can delete huishouden",
            "content_type": 57,
            "codename": "delete_huishouden"
        }
    },
    {
        "model": "auth.permission",
        "pk": 228,
        "fields": {
            "name": "Can view huishouden",
            "content_type": 57,
            "codename": "view_huishouden"
        }
    },
    {
        "model": "auth.permission",
        "pk": 229,
        "fields": {
            "name": "Can add inrichtingselement",
            "content_type": 58,
            "codename": "add_inrichtingselement"
        }
    },
    {
        "model": "auth.permission",
        "pk": 230,
        "fields": {
            "name": "Can change inrichtingselement",
            "content_type": 58,
            "codename": "change_inrichtingselement"
        }
    },
    {
        "model": "auth.permission",
        "pk": 231,
        "fields": {
            "name": "Can delete inrichtingselement",
            "content_type": 58,
            "codename": "delete_inrichtingselement"
        }
    },
    {
        "model": "auth.permission",
        "pk": 232,
        "fields": {
            "name": "Can view inrichtingselement",
            "content_type": 58,
            "codename": "view_inrichtingselement"
        }
    },
    {
        "model": "auth.permission",
        "pk": 233,
        "fields": {
            "name": "Can add kunstwerkdeel",
            "content_type": 59,
            "codename": "add_kunstwerkdeel"
        }
    },
    {
        "model": "auth.permission",
        "pk": 234,
        "fields": {
            "name": "Can change kunstwerkdeel",
            "content_type": 59,
            "codename": "change_kunstwerkdeel"
        }
    },
    {
        "model": "auth.permission",
        "pk": 235,
        "fields": {
            "name": "Can delete kunstwerkdeel",
            "content_type": 59,
            "codename": "delete_kunstwerkdeel"
        }
    },
    {
        "model": "auth.permission",
        "pk": 236,
        "fields": {
            "name": "Can view kunstwerkdeel",
            "content_type": 59,
            "codename": "view_kunstwerkdeel"
        }
    },
    {
        "model": "auth.permission",
        "pk": 237,
        "fields": {
            "name": "Can add maatschappelijke activiteit",
            "content_type": 60,
            "codename": "add_maatschappelijkeactiviteit"
        }
    },
    {
        "model": "auth.permission",
        "pk": 238,
        "fields": {
            "name": "Can change maatschappelijke activiteit",
            "content_type": 60,
            "codename": "change_maatschappelijkeactiviteit"
        }
    },
    {
        "model": "auth.permission",
        "pk": 239,
        "fields": {
            "name": "Can delete maatschappelijke activiteit",
            "content_type": 60,
            "codename": "delete_maatschappelijkeactiviteit"
        }
    },
    {
        "model": "auth.permission",
        "pk": 240,
        "fields": {
            "name": "Can view maatschappelijke activiteit",
            "content_type": 60,
            "codename": "view_maatschappelijkeactiviteit"
        }
    },
    {
        "model": "auth.permission",
        "pk": 241,
        "fields": {
            "name": "Can add openbare ruimte",
            "content_type": 61,
            "codename": "add_openbareruimte"
        }
    },
    {
        "model": "auth.permission",
        "pk": 242,
        "fields": {
            "name": "Can change openbare ruimte",
            "content_type": 61,
            "codename": "change_openbareruimte"
        }
    },
    {
        "model": "auth.permission",
        "pk": 243,
        "fields": {
            "name": "Can delete openbare ruimte",
            "content_type": 61,
            "codename": "delete_openbareruimte"
        }
    },
    {
        "model": "auth.permission",
        "pk": 244,
        "fields": {
            "name": "Can view openbare ruimte",
            "content_type": 61,
            "codename": "view_openbareruimte"
        }
    },
    {
        "model": "auth.permission",
        "pk": 245,
        "fields": {
            "name": "Can add pand",
            "content_type": 62,
            "codename": "add_pand"
        }
    },
    {
        "model": "auth.permission",
        "pk": 246,
        "fields": {
            "name": "Can change pand",
            "content_type": 62,
            "codename": "change_pand"
        }
    },
    {
        "model": "auth.permission",
        "pk": 247,
        "fields": {
            "name": "Can delete pand",
            "content_type": 62,
            "codename": "delete_pand"
        }
    },
    {
        "model": "auth.permission",
        "pk": 248,
        "fields": {
            "name": "Can view pand",
            "content_type": 62,
            "codename": "view_pand"
        }
    },
    {
        "model": "auth.permission",
        "pk": 249,
        "fields": {
            "name": "Can add spoorbaandeel",
            "content_type": 63,
            "codename": "add_spoorbaandeel"
        }
    },
    {
        "model": "auth.permission",
        "pk": 250,
        "fields": {
            "name": "Can change spoorbaandeel",
            "content_type": 63,
            "codename": "change_spoorbaandeel"
        }
    },
    {
        "model": "auth.permission",
        "pk": 251,
        "fields": {
            "name": "Can delete spoorbaandeel",
            "content_type": 63,
            "codename": "delete_spoorbaandeel"
        }
    },
    {
        "model": "auth.permission",
        "pk": 252,
        "fields": {
            "name": "Can view spoorbaandeel",
            "content_type": 63,
            "codename": "view_spoorbaandeel"
        }
    },
    {
        "model": "auth.permission",
        "pk": 253,
        "fields": {
            "name": "Can add terreindeel",
            "content_type": 64,
            "codename": "add_terreindeel"
        }
    },
    {
        "model": "auth.permission",
        "pk": 254,
        "fields": {
            "name": "Can change terreindeel",
            "content_type": 64,
            "codename": "change_terreindeel"
        }
    },
    {
        "model": "auth.permission",
        "pk": 255,
        "fields": {
            "name": "Can delete terreindeel",
            "content_type": 64,
            "codename": "delete_terreindeel"
        }
    },
    {
        "model": "auth.permission",
        "pk": 256,
        "fields": {
            "name": "Can view terreindeel",
            "content_type": 64,
            "codename": "view_terreindeel"
        }
    },
    {
        "model": "auth.permission",
        "pk": 257,
        "fields": {
            "name": "Can add waterdeel",
            "content_type": 65,
            "codename": "add_waterdeel"
        }
    },
    {
        "model": "auth.permission",
        "pk": 258,
        "fields": {
            "name": "Can change waterdeel",
            "content_type": 65,
            "codename": "change_waterdeel"
        }
    },
    {
        "model": "auth.permission",
        "pk": 259,
        "fields": {
            "name": "Can delete waterdeel",
            "content_type": 65,
            "codename": "delete_waterdeel"
        }
    },
    {
        "model": "auth.permission",
        "pk": 260,
        "fields": {
            "name": "Can view waterdeel",
            "content_type": 65,
            "codename": "view_waterdeel"
        }
    },
    {
        "model": "auth.permission",
        "pk": 261,
        "fields": {
            "name": "Can add wegdeel",
            "content_type": 66,
            "codename": "add_wegdeel"
        }
    },
    {
        "model": "auth.permission",
        "pk": 262,
        "fields": {
            "name": "Can change wegdeel",
            "content_type": 66,
            "codename": "change_wegdeel"
        }
    },
    {
        "model": "auth.permission",
        "pk": 263,
        "fields": {
            "name": "Can delete wegdeel",
            "content_type": 66,
            "codename": "delete_wegdeel"
        }
    },
    {
        "model": "auth.permission",
        "pk": 264,
        "fields": {
            "name": "Can view wegdeel",
            "content_type": 66,
            "codename": "view_wegdeel"
        }
    },
    {
        "model": "auth.permission",
        "pk": 265,
        "fields": {
            "name": "Can add wijk",
            "content_type": 67,
            "codename": "add_wijk"
        }
    },
    {
        "model": "auth.permission",
        "pk": 266,
        "fields": {
            "name": "Can change wijk",
            "content_type": 67,
            "codename": "change_wijk"
        }
    },
    {
        "model": "auth.permission",
        "pk": 267,
        "fields": {
            "name": "Can delete wijk",
            "content_type": 67,
            "codename": "delete_wijk"
        }
    },
    {
        "model": "auth.permission",
        "pk": 268,
        "fields": {
            "name": "Can view wijk",
            "content_type": 67,
            "codename": "view_wijk"
        }
    },
    {
        "model": "auth.permission",
        "pk": 269,
        "fields": {
            "name": "Can add woonplaats",
            "content_type": 68,
            "codename": "add_woonplaats"
        }
    },
    {
        "model": "auth.permission",
        "pk": 270,
        "fields": {
            "name": "Can change woonplaats",
            "content_type": 68,
            "codename": "change_woonplaats"
        }
    },
    {
        "model": "auth.permission",
        "pk": 271,
        "fields": {
            "name": "Can delete woonplaats",
            "content_type": 68,
            "codename": "delete_woonplaats"
        }
    },
    {
        "model": "auth.permission",
        "pk": 272,
        "fields": {
            "name": "Can view woonplaats",
            "content_type": 68,
            "codename": "view_woonplaats"
        }
    },
    {
        "model": "auth.permission",
        "pk": 273,
        "fields": {
            "name": "Can add overig",
            "content_type": 69,
            "codename": "add_overige"
        }
    },
    {
        "model": "auth.permission",
        "pk": 274,
        "fields": {
            "name": "Can change overig",
            "content_type": 69,
            "codename": "change_overige"
        }
    },
    {
        "model": "auth.permission",
        "pk": 275,
        "fields": {
            "name": "Can delete overig",
            "content_type": 69,
            "codename": "delete_overige"
        }
    },
    {
        "model": "auth.permission",
        "pk": 276,
        "fields": {
            "name": "Can view overig",
            "content_type": 69,
            "codename": "view_overige"
        }
    },
    {
        "model": "auth.permission",
        "pk": 277,
        "fields": {
            "name": "Can add terreingebouwd object",
            "content_type": 70,
            "codename": "add_terreingebouwdobject"
        }
    },
    {
        "model": "auth.permission",
        "pk": 278,
        "fields": {
            "name": "Can change terreingebouwd object",
            "content_type": 70,
            "codename": "change_terreingebouwdobject"
        }
    },
    {
        "model": "auth.permission",
        "pk": 279,
        "fields": {
            "name": "Can delete terreingebouwd object",
            "content_type": 70,
            "codename": "delete_terreingebouwdobject"
        }
    },
    {
        "model": "auth.permission",
        "pk": 280,
        "fields": {
            "name": "Can view terreingebouwd object",
            "content_type": 70,
            "codename": "view_terreingebouwdobject"
        }
    },
    {
        "model": "auth.permission",
        "pk": 281,
        "fields": {
            "name": "Can add WOZ-deelobject",
            "content_type": 71,
            "codename": "add_wozdeelobject"
        }
    },
    {
        "model": "auth.permission",
        "pk": 282,
        "fields": {
            "name": "Can change WOZ-deelobject",
            "content_type": 71,
            "codename": "change_wozdeelobject"
        }
    },
    {
        "model": "auth.permission",
        "pk": 283,
        "fields": {
            "name": "Can delete WOZ-deelobject",
            "content_type": 71,
            "codename": "delete_wozdeelobject"
        }
    },
    {
        "model": "auth.permission",
        "pk": 284,
        "fields": {
            "name": "Can view WOZ-deelobject",
            "content_type": 71,
            "codename": "view_wozdeelobject"
        }
    },
    {
        "model": "auth.permission",
        "pk": 285,
        "fields": {
            "name": "Can add WOZ-waarde",
            "content_type": 72,
            "codename": "add_wozwaarde"
        }
    },
    {
        "model": "auth.permission",
        "pk": 286,
        "fields": {
            "name": "Can change WOZ-waarde",
            "content_type": 72,
            "codename": "change_wozwaarde"
        }
    },
    {
        "model": "auth.permission",
        "pk": 287,
        "fields": {
            "name": "Can delete WOZ-waarde",
            "content_type": 72,
            "codename": "delete_wozwaarde"
        }
    },
    {
        "model": "auth.permission",
        "pk": 288,
        "fields": {
            "name": "Can view WOZ-waarde",
            "content_type": 72,
            "codename": "view_wozwaarde"
        }
    },
    {
        "model": "auth.permission",
        "pk": 289,
        "fields": {
            "name": "Can add WOZ-object",
            "content_type": 73,
            "codename": "add_wozobject"
        }
    },
    {
        "model": "auth.permission",
        "pk": 290,
        "fields": {
            "name": "Can change WOZ-object",
            "content_type": 73,
            "codename": "change_wozobject"
        }
    },
    {
        "model": "auth.permission",
        "pk": 291,
        "fields": {
            "name": "Can delete WOZ-object",
            "content_type": 73,
            "codename": "delete_wozobject"
        }
    },
    {
        "model": "auth.permission",
        "pk": 292,
        "fields": {
            "name": "Can view WOZ-object",
            "content_type": 73,
            "codename": "view_wozobject"
        }
    },
    {
        "model": "auth.permission",
        "pk": 293,
        "fields": {
            "name": "Can add zakelijk recht",
            "content_type": 74,
            "codename": "add_zakelijkrecht"
        }
    },
    {
        "model": "auth.permission",
        "pk": 294,
        "fields": {
            "name": "Can change zakelijk recht",
            "content_type": 74,
            "codename": "change_zakelijkrecht"
        }
    },
    {
        "model": "auth.permission",
        "pk": 295,
        "fields": {
            "name": "Can delete zakelijk recht",
            "content_type": 74,
            "codename": "delete_zakelijkrecht"
        }
    },
    {
        "model": "auth.permission",
        "pk": 296,
        "fields": {
            "name": "Can view zakelijk recht",
            "content_type": 74,
            "codename": "view_zakelijkrecht"
        }
    },
    {
        "model": "auth.permission",
        "pk": 297,
        "fields": {
            "name": "Can add kadastrale onroerende zaak",
            "content_type": 75,
            "codename": "add_kadastraleonroerendezaak"
        }
    },
    {
        "model": "auth.permission",
        "pk": 298,
        "fields": {
            "name": "Can change kadastrale onroerende zaak",
            "content_type": 75,
            "codename": "change_kadastraleonroerendezaak"
        }
    },
    {
        "model": "auth.permission",
        "pk": 299,
        "fields": {
            "name": "Can delete kadastrale onroerende zaak",
            "content_type": 75,
            "codename": "delete_kadastraleonroerendezaak"
        }
    },
    {
        "model": "auth.permission",
        "pk": 300,
        "fields": {
            "name": "Can view kadastrale onroerende zaak",
            "content_type": 75,
            "codename": "view_kadastraleonroerendezaak"
        }
    },
    {
        "model": "auth.permission",
        "pk": 301,
        "fields": {
            "name": "Can add zakelijk recht heeft als gerechtigde",
            "content_type": 76,
            "codename": "add_zakelijkrechtheeftalsgerechtigde"
        }
    },
    {
        "model": "auth.permission",
        "pk": 302,
        "fields": {
            "name": "Can change zakelijk recht heeft als gerechtigde",
            "content_type": 76,
            "codename": "change_zakelijkrechtheeftalsgerechtigde"
        }
    },
    {
        "model": "auth.permission",
        "pk": 303,
        "fields": {
            "name": "Can delete zakelijk recht heeft als gerechtigde",
            "content_type": 76,
            "codename": "delete_zakelijkrechtheeftalsgerechtigde"
        }
    },
    {
        "model": "auth.permission",
        "pk": 304,
        "fields": {
            "name": "Can view zakelijk recht heeft als gerechtigde",
            "content_type": 76,
            "codename": "view_zakelijkrechtheeftalsgerechtigde"
        }
    },
    {
        "model": "auth.permission",
        "pk": 305,
        "fields": {
            "name": "Can add adres",
            "content_type": 77,
            "codename": "add_adres"
        }
    },
    {
        "model": "auth.permission",
        "pk": 306,
        "fields": {
            "name": "Can change adres",
            "content_type": 77,
            "codename": "change_adres"
        }
    },
    {
        "model": "auth.permission",
        "pk": 307,
        "fields": {
            "name": "Can delete adres",
            "content_type": 77,
            "codename": "delete_adres"
        }
    },
    {
        "model": "auth.permission",
        "pk": 308,
        "fields": {
            "name": "Can view adres",
            "content_type": 77,
            "codename": "view_adres"
        }
    },
    {
        "model": "auth.permission",
        "pk": 309,
        "fields": {
            "name": "Can add natuurlijk persoon",
            "content_type": 78,
            "codename": "add_natuurlijkpersoon"
        }
    },
    {
        "model": "auth.permission",
        "pk": 310,
        "fields": {
            "name": "Can change natuurlijk persoon",
            "content_type": 78,
            "codename": "change_natuurlijkpersoon"
        }
    },
    {
        "model": "auth.permission",
        "pk": 311,
        "fields": {
            "name": "Can delete natuurlijk persoon",
            "content_type": 78,
            "codename": "delete_natuurlijkpersoon"
        }
    },
    {
        "model": "auth.permission",
        "pk": 312,
        "fields": {
            "name": "Can view natuurlijk persoon",
            "content_type": 78,
            "codename": "view_natuurlijkpersoon"
        }
    },
    {
        "model": "auth.permission",
        "pk": 313,
        "fields": {
            "name": "Can add niet-natuurlijk persoon",
            "content_type": 79,
            "codename": "add_nietnatuurlijkpersoon"
        }
    },
    {
        "model": "auth.permission",
        "pk": 314,
        "fields": {
            "name": "Can change niet-natuurlijk persoon",
            "content_type": 79,
            "codename": "change_nietnatuurlijkpersoon"
        }
    },
    {
        "model": "auth.permission",
        "pk": 315,
        "fields": {
            "name": "Can delete niet-natuurlijk persoon",
            "content_type": 79,
            "codename": "delete_nietnatuurlijkpersoon"
        }
    },
    {
        "model": "auth.permission",
        "pk": 316,
        "fields": {
            "name": "Can view niet-natuurlijk persoon",
            "content_type": 79,
            "codename": "view_nietnatuurlijkpersoon"
        }
    },
    {
        "model": "auth.permission",
        "pk": 317,
        "fields": {
            "name": "Can add vestiging",
            "content_type": 80,
            "codename": "add_vestiging"
        }
    },
    {
        "model": "auth.permission",
        "pk": 318,
        "fields": {
            "name": "Can change vestiging",
            "content_type": 80,
            "codename": "change_vestiging"
        }
    },
    {
        "model": "auth.permission",
        "pk": 319,
        "fields": {
            "name": "Can delete vestiging",
            "content_type": 80,
            "codename": "delete_vestiging"
        }
    },
    {
        "model": "auth.permission",
        "pk": 320,
        "fields": {
            "name": "Can view vestiging",
            "content_type": 80,
            "codename": "view_vestiging"
        }
    },
    {
        "model": "auth.permission",
        "pk": 321,
        "fields": {
            "name": "Can add organisatorische eenheid",
            "content_type": 81,
            "codename": "add_organisatorischeeenheid"
        }
    },
    {
        "model": "auth.permission",
        "pk": 322,
        "fields": {
            "name": "Can change organisatorische eenheid",
            "content_type": 81,
            "codename": "change_organisatorischeeenheid"
        }
    },
    {
        "model": "auth.permission",
        "pk": 323,
        "fields": {
            "name": "Can delete organisatorische eenheid",
            "content_type": 81,
            "codename": "delete_organisatorischeeenheid"
        }
    },
    {
        "model": "auth.permission",
        "pk": 324,
        "fields": {
            "name": "Can view organisatorische eenheid",
            "content_type": 81,
            "codename": "view_organisatorischeeenheid"
        }
    },
    {
        "model": "auth.permission",
        "pk": 325,
        "fields": {
            "name": "Can add medewerker",
            "content_type": 82,
            "codename": "add_medewerker"
        }
    },
    {
        "model": "auth.permission",
        "pk": 326,
        "fields": {
            "name": "Can change medewerker",
            "content_type": 82,
            "codename": "change_medewerker"
        }
    },
    {
        "model": "auth.permission",
        "pk": 327,
        "fields": {
            "name": "Can delete medewerker",
            "content_type": 82,
            "codename": "delete_medewerker"
        }
    },
    {
        "model": "auth.permission",
        "pk": 328,
        "fields": {
            "name": "Can view medewerker",
            "content_type": 82,
            "codename": "view_medewerker"
        }
    },
    {
        "model": "auth.permission",
        "pk": 329,
        "fields": {
            "name": "Can add sub verblijf buitenland",
            "content_type": 83,
            "codename": "add_subverblijfbuitenland"
        }
    },
    {
        "model": "auth.permission",
        "pk": 330,
        "fields": {
            "name": "Can change sub verblijf buitenland",
            "content_type": 83,
            "codename": "change_subverblijfbuitenland"
        }
    },
    {
        "model": "auth.permission",
        "pk": 331,
        "fields": {
            "name": "Can delete sub verblijf buitenland",
            "content_type": 83,
            "codename": "delete_subverblijfbuitenland"
        }
    },
    {
        "model": "auth.permission",
        "pk": 332,
        "fields": {
            "name": "Can view sub verblijf buitenland",
            "content_type": 83,
            "codename": "view_subverblijfbuitenland"
        }
    },
    {
        "model": "auth.permission",
        "pk": 333,
        "fields": {
            "name": "Can add besluit",
            "content_type": 84,
            "codename": "add_besluit"
        }
    },
    {
        "model": "auth.permission",
        "pk": 334,
        "fields": {
            "name": "Can change besluit",
            "content_type": 84,
            "codename": "change_besluit"
        }
    },
    {
        "model": "auth.permission",
        "pk": 335,
        "fields": {
            "name": "Can delete besluit",
            "content_type": 84,
            "codename": "delete_besluit"
        }
    },
    {
        "model": "auth.permission",
        "pk": 336,
        "fields": {
            "name": "Can view besluit",
            "content_type": 84,
            "codename": "view_besluit"
        }
    },
    {
        "model": "auth.permission",
        "pk": 337,
        "fields": {
            "name": "Can add besluitinformatieobject",
            "content_type": 85,
            "codename": "add_besluitinformatieobject"
        }
    },
    {
        "model": "auth.permission",
        "pk": 338,
        "fields": {
            "name": "Can change besluitinformatieobject",
            "content_type": 85,
            "codename": "change_besluitinformatieobject"
        }
    },
    {
        "model": "auth.permission",
        "pk": 339,
        "fields": {
            "name": "Can delete besluitinformatieobject",
            "content_type": 85,
            "codename": "delete_besluitinformatieobject"
        }
    },
    {
        "model": "auth.permission",
        "pk": 340,
        "fields": {
            "name": "Can view besluitinformatieobject",
            "content_type": 85,
            "codename": "view_besluitinformatieobject"
        }
    },
    {
        "model": "auth.permission",
        "pk": 341,
        "fields": {
            "name": "Can add enkelvoudig informatie object canonical",
            "content_type": 86,
            "codename": "add_enkelvoudiginformatieobjectcanonical"
        }
    },
    {
        "model": "auth.permission",
        "pk": 342,
        "fields": {
            "name": "Can change enkelvoudig informatie object canonical",
            "content_type": 86,
            "codename": "change_enkelvoudiginformatieobjectcanonical"
        }
    },
    {
        "model": "auth.permission",
        "pk": 343,
        "fields": {
            "name": "Can delete enkelvoudig informatie object canonical",
            "content_type": 86,
            "codename": "delete_enkelvoudiginformatieobjectcanonical"
        }
    },
    {
        "model": "auth.permission",
        "pk": 344,
        "fields": {
            "name": "Can view enkelvoudig informatie object canonical",
            "content_type": 86,
            "codename": "view_enkelvoudiginformatieobjectcanonical"
        }
    },
    {
        "model": "auth.permission",
        "pk": 345,
        "fields": {
            "name": "Can add Document",
            "content_type": 87,
            "codename": "add_enkelvoudiginformatieobject"
        }
    },
    {
        "model": "auth.permission",
        "pk": 346,
        "fields": {
            "name": "Can change Document",
            "content_type": 87,
            "codename": "change_enkelvoudiginformatieobject"
        }
    },
    {
        "model": "auth.permission",
        "pk": 347,
        "fields": {
            "name": "Can delete Document",
            "content_type": 87,
            "codename": "delete_enkelvoudiginformatieobject"
        }
    },
    {
        "model": "auth.permission",
        "pk": 348,
        "fields": {
            "name": "Can view Document",
            "content_type": 87,
            "codename": "view_enkelvoudiginformatieobject"
        }
    },
    {
        "model": "auth.permission",
        "pk": 349,
        "fields": {
            "name": "Can add bestandsdeel",
            "content_type": 88,
            "codename": "add_bestandsdeel"
        }
    },
    {
        "model": "auth.permission",
        "pk": 350,
        "fields": {
            "name": "Can change bestandsdeel",
            "content_type": 88,
            "codename": "change_bestandsdeel"
        }
    },
    {
        "model": "auth.permission",
        "pk": 351,
        "fields": {
            "name": "Can delete bestandsdeel",
            "content_type": 88,
            "codename": "delete_bestandsdeel"
        }
    },
    {
        "model": "auth.permission",
        "pk": 352,
        "fields": {
            "name": "Can view bestandsdeel",
            "content_type": 88,
            "codename": "view_bestandsdeel"
        }
    },
    {
        "model": "auth.permission",
        "pk": 353,
        "fields": {
            "name": "Can add gebruiksrecht informatieobject",
            "content_type": 89,
            "codename": "add_gebruiksrechten"
        }
    },
    {
        "model": "auth.permission",
        "pk": 354,
        "fields": {
            "name": "Can change gebruiksrecht informatieobject",
            "content_type": 89,
            "codename": "change_gebruiksrechten"
        }
    },
    {
        "model": "auth.permission",
        "pk": 355,
        "fields": {
            "name": "Can delete gebruiksrecht informatieobject",
            "content_type": 89,
            "codename": "delete_gebruiksrechten"
        }
    },
    {
        "model": "auth.permission",
        "pk": 356,
        "fields": {
            "name": "Can view gebruiksrecht informatieobject",
            "content_type": 89,
            "codename": "view_gebruiksrechten"
        }
    },
    {
        "model": "auth.permission",
        "pk": 357,
        "fields": {
            "name": "Can add objectinformatieobject",
            "content_type": 90,
            "codename": "add_objectinformatieobject"
        }
    },
    {
        "model": "auth.permission",
        "pk": 358,
        "fields": {
            "name": "Can change objectinformatieobject",
            "content_type": 90,
            "codename": "change_objectinformatieobject"
        }
    },
    {
        "model": "auth.permission",
        "pk": 359,
        "fields": {
            "name": "Can delete objectinformatieobject",
            "content_type": 90,
            "codename": "delete_objectinformatieobject"
        }
    },
    {
        "model": "auth.permission",
        "pk": 360,
        "fields": {
            "name": "Can view objectinformatieobject",
            "content_type": 90,
            "codename": "view_objectinformatieobject"
        }
    },
    {
        "model": "auth.permission",
        "pk": 361,
        "fields": {
            "name": "Can add Verzending",
            "content_type": 91,
            "codename": "add_verzending"
        }
    },
    {
        "model": "auth.permission",
        "pk": 362,
        "fields": {
            "name": "Can change Verzending",
            "content_type": 91,
            "codename": "change_verzending"
        }
    },
    {
        "model": "auth.permission",
        "pk": 363,
        "fields": {
            "name": "Can delete Verzending",
            "content_type": 91,
            "codename": "delete_verzending"
        }
    },
    {
        "model": "auth.permission",
        "pk": 364,
        "fields": {
            "name": "Can view Verzending",
            "content_type": 91,
            "codename": "view_verzending"
        }
    },
    {
        "model": "auth.permission",
        "pk": 365,
        "fields": {
            "name": "Can add besluittype",
            "content_type": 92,
            "codename": "add_besluittype"
        }
    },
    {
        "model": "auth.permission",
        "pk": 366,
        "fields": {
            "name": "Can change besluittype",
            "content_type": 92,
            "codename": "change_besluittype"
        }
    },
    {
        "model": "auth.permission",
        "pk": 367,
        "fields": {
            "name": "Can delete besluittype",
            "content_type": 92,
            "codename": "delete_besluittype"
        }
    },
    {
        "model": "auth.permission",
        "pk": 368,
        "fields": {
            "name": "Can view besluittype",
            "content_type": 92,
            "codename": "view_besluittype"
        }
    },
    {
        "model": "auth.permission",
        "pk": 369,
        "fields": {
            "name": "Can add catalogus",
            "content_type": 93,
            "codename": "add_catalogus"
        }
    },
    {
        "model": "auth.permission",
        "pk": 370,
        "fields": {
            "name": "Can change catalogus",
            "content_type": 93,
            "codename": "change_catalogus"
        }
    },
    {
        "model": "auth.permission",
        "pk": 371,
        "fields": {
            "name": "Can delete catalogus",
            "content_type": 93,
            "codename": "delete_catalogus"
        }
    },
    {
        "model": "auth.permission",
        "pk": 372,
        "fields": {
            "name": "Can view catalogus",
            "content_type": 93,
            "codename": "view_catalogus"
        }
    },
    {
        "model": "auth.permission",
        "pk": 373,
        "fields": {
            "name": "Can add Eigenschap specificatie",
            "content_type": 94,
            "codename": "add_eigenschapspecificatie"
        }
    },
    {
        "model": "auth.permission",
        "pk": 374,
        "fields": {
            "name": "Can change Eigenschap specificatie",
            "content_type": 94,
            "codename": "change_eigenschapspecificatie"
        }
    },
    {
        "model": "auth.permission",
        "pk": 375,
        "fields": {
            "name": "Can delete Eigenschap specificatie",
            "content_type": 94,
            "codename": "delete_eigenschapspecificatie"
        }
    },
    {
        "model": "auth.permission",
        "pk": 376,
        "fields": {
            "name": "Can view Eigenschap specificatie",
            "content_type": 94,
            "codename": "view_eigenschapspecificatie"
        }
    },
    {
        "model": "auth.permission",
        "pk": 377,
        "fields": {
            "name": "Can add Eigenschap",
            "content_type": 95,
            "codename": "add_eigenschap"
        }
    },
    {
        "model": "auth.permission",
        "pk": 378,
        "fields": {
            "name": "Can change Eigenschap",
            "content_type": 95,
            "codename": "change_eigenschap"
        }
    },
    {
        "model": "auth.permission",
        "pk": 379,
        "fields": {
            "name": "Can delete Eigenschap",
            "content_type": 95,
            "codename": "delete_eigenschap"
        }
    },
    {
        "model": "auth.permission",
        "pk": 380,
        "fields": {
            "name": "Can view Eigenschap",
            "content_type": 95,
            "codename": "view_eigenschap"
        }
    },
    {
        "model": "auth.permission",
        "pk": 381,
        "fields": {
            "name": "Can add Informatieobjecttype",
            "content_type": 96,
            "codename": "add_informatieobjecttype"
        }
    },
    {
        "model": "auth.permission",
        "pk": 382,
        "fields": {
            "name": "Can change Informatieobjecttype",
            "content_type": 96,
            "codename": "change_informatieobjecttype"
        }
    },
    {
        "model": "auth.permission",
        "pk": 383,
        "fields": {
            "name": "Can delete Informatieobjecttype",
            "content_type": 96,
            "codename": "delete_informatieobjecttype"
        }
    },
    {
        "model": "auth.permission",
        "pk": 384,
        "fields": {
            "name": "Can view Informatieobjecttype",
            "content_type": 96,
            "codename": "view_informatieobjecttype"
        }
    },
    {
        "model": "auth.permission",
        "pk": 385,
        "fields": {
            "name": "Can add Zaak-Informatieobject-Type",
            "content_type": 97,
            "codename": "add_zaaktypeinformatieobjecttype"
        }
    },
    {
        "model": "auth.permission",
        "pk": 386,
        "fields": {
            "name": "Can change Zaak-Informatieobject-Type",
            "content_type": 97,
            "codename": "change_zaaktypeinformatieobjecttype"
        }
    },
    {
        "model": "auth.permission",
        "pk": 387,
        "fields": {
            "name": "Can delete Zaak-Informatieobject-Type",
            "content_type": 97,
            "codename": "delete_zaaktypeinformatieobjecttype"
        }
    },
    {
        "model": "auth.permission",
        "pk": 388,
        "fields": {
            "name": "Can view Zaak-Informatieobject-Type",
            "content_type": 97,
            "codename": "view_zaaktypeinformatieobjecttype"
        }
    },
    {
        "model": "auth.permission",
        "pk": 389,
        "fields": {
            "name": "Can add Zaaktypenrelatie",
            "content_type": 98,
            "codename": "add_zaaktypenrelatie"
        }
    },
    {
        "model": "auth.permission",
        "pk": 390,
        "fields": {
            "name": "Can change Zaaktypenrelatie",
            "content_type": 98,
            "codename": "change_zaaktypenrelatie"
        }
    },
    {
        "model": "auth.permission",
        "pk": 391,
        "fields": {
            "name": "Can delete Zaaktypenrelatie",
            "content_type": 98,
            "codename": "delete_zaaktypenrelatie"
        }
    },
    {
        "model": "auth.permission",
        "pk": 392,
        "fields": {
            "name": "Can view Zaaktypenrelatie",
            "content_type": 98,
            "codename": "view_zaaktypenrelatie"
        }
    },
    {
        "model": "auth.permission",
        "pk": 393,
        "fields": {
            "name": "Can add resultaattype",
            "content_type": 99,
            "codename": "add_resultaattype"
        }
    },
    {
        "model": "auth.permission",
        "pk": 394,
        "fields": {
            "name": "Can change resultaattype",
            "content_type": 99,
            "codename": "change_resultaattype"
        }
    },
    {
        "model": "auth.permission",
        "pk": 395,
        "fields": {
            "name": "Can delete resultaattype",
            "content_type": 99,
            "codename": "delete_resultaattype"
        }
    },
    {
        "model": "auth.permission",
        "pk": 396,
        "fields": {
            "name": "Can view resultaattype",
            "content_type": 99,
            "codename": "view_resultaattype"
        }
    },
    {
        "model": "auth.permission",
        "pk": 397,
        "fields": {
            "name": "Can add Roltype",
            "content_type": 100,
            "codename": "add_roltype"
        }
    },
    {
        "model": "auth.permission",
        "pk": 398,
        "fields": {
            "name": "Can change Roltype",
            "content_type": 100,
            "codename": "change_roltype"
        }
    },
    {
        "model": "auth.permission",
        "pk": 399,
        "fields": {
            "name": "Can delete Roltype",
            "content_type": 100,
            "codename": "delete_roltype"
        }
    },
    {
        "model": "auth.permission",
        "pk": 400,
        "fields": {
            "name": "Can view Roltype",
            "content_type": 100,
            "codename": "view_roltype"
        }
    },
    {
        "model": "auth.permission",
        "pk": 401,
        "fields": {
            "name": "Can add Statustype",
            "content_type": 101,
            "codename": "add_statustype"
        }
    },
    {
        "model": "auth.permission",
        "pk": 402,
        "fields": {
            "name": "Can change Statustype",
            "content_type": 101,
            "codename": "change_statustype"
        }
    },
    {
        "model": "auth.permission",
        "pk": 403,
        "fields": {
            "name": "Can delete Statustype",
            "content_type": 101,
            "codename": "delete_statustype"
        }
    },
    {
        "model": "auth.permission",
        "pk": 404,
        "fields": {
            "name": "Can view Statustype",
            "content_type": 101,
            "codename": "view_statustype"
        }
    },
    {
        "model": "auth.permission",
        "pk": 405,
        "fields": {
            "name": "Can add Checklist item",
            "content_type": 102,
            "codename": "add_checklistitem"
        }
    },
    {
        "model": "auth.permission",
        "pk": 406,
        "fields": {
            "name": "Can change Checklist item",
            "content_type": 102,
            "codename": "change_checklistitem"
        }
    },
    {
        "model": "auth.permission",
        "pk": 407,
        "fields": {
            "name": "Can delete Checklist item",
            "content_type": 102,
            "codename": "delete_checklistitem"
        }
    },
    {
        "model": "auth.permission",
        "pk": 408,
        "fields": {
            "name": "Can view Checklist item",
            "content_type": 102,
            "codename": "view_checklistitem"
        }
    },
    {
        "model": "auth.permission",
        "pk": 409,
        "fields": {
            "name": "Can add Zaakobjecttype",
            "content_type": 103,
            "codename": "add_zaakobjecttype"
        }
    },
    {
        "model": "auth.permission",
        "pk": 410,
        "fields": {
            "name": "Can change Zaakobjecttype",
            "content_type": 103,
            "codename": "change_zaakobjecttype"
        }
    },
    {
        "model": "auth.permission",
        "pk": 411,
        "fields": {
            "name": "Can delete Zaakobjecttype",
            "content_type": 103,
            "codename": "delete_zaakobjecttype"
        }
    },
    {
        "model": "auth.permission",
        "pk": 412,
        "fields": {
            "name": "Can view Zaakobjecttype",
            "content_type": 103,
            "codename": "view_zaakobjecttype"
        }
    },
    {
        "model": "auth.permission",
        "pk": 413,
        "fields": {
            "name": "Can add Zaaktype",
            "content_type": 104,
            "codename": "add_zaaktype"
        }
    },
    {
        "model": "auth.permission",
        "pk": 414,
        "fields": {
            "name": "Can change Zaaktype",
            "content_type": 104,
            "codename": "change_zaaktype"
        }
    },
    {
        "model": "auth.permission",
        "pk": 415,
        "fields": {
            "name": "Can delete Zaaktype",
            "content_type": 104,
            "codename": "delete_zaaktype"
        }
    },
    {
        "model": "auth.permission",
        "pk": 416,
        "fields": {
            "name": "Can view Zaaktype",
            "content_type": 104,
            "codename": "view_zaaktype"
        }
    },
    {
        "model": "auth.permission",
        "pk": 417,
        "fields": {
            "name": "Can add Internal service",
            "content_type": 105,
            "codename": "add_internalservice"
        }
    },
    {
        "model": "auth.permission",
        "pk": 418,
        "fields": {
            "name": "Can change Internal service",
            "content_type": 105,
            "codename": "change_internalservice"
        }
    },
    {
        "model": "auth.permission",
        "pk": 419,
        "fields": {
            "name": "Can delete Internal service",
            "content_type": 105,
            "codename": "delete_internalservice"
        }
    },
    {
        "model": "auth.permission",
        "pk": 420,
        "fields": {
            "name": "Can view Internal service",
            "content_type": 105,
            "codename": "view_internalservice"
        }
    },
    {
        "model": "auth.permission",
        "pk": 421,
        "fields": {
            "name": "Can add feature flags",
            "content_type": 106,
            "codename": "add_featureflags"
        }
    },
    {
        "model": "auth.permission",
        "pk": 422,
        "fields": {
            "name": "Can change feature flags",
            "content_type": 106,
            "codename": "change_featureflags"
        }
    },
    {
        "model": "auth.permission",
        "pk": 423,
        "fields": {
            "name": "Can delete feature flags",
            "content_type": 106,
            "codename": "delete_featureflags"
        }
    },
    {
        "model": "auth.permission",
        "pk": 424,
        "fields": {
            "name": "Can view feature flags",
            "content_type": 106,
            "codename": "view_featureflags"
        }
    },
    {
        "model": "auth.permission",
        "pk": 425,
        "fields": {
            "name": "Can add Selectielijstconfiguratie",
            "content_type": 107,
            "codename": "add_referentielijstconfig"
        }
    },
    {
        "model": "auth.permission",
        "pk": 426,
        "fields": {
            "name": "Can change Selectielijstconfiguratie",
            "content_type": 107,
            "codename": "change_referentielijstconfig"
        }
    },
    {
        "model": "auth.permission",
        "pk": 427,
        "fields": {
            "name": "Can delete Selectielijstconfiguratie",
            "content_type": 107,
            "codename": "delete_referentielijstconfig"
        }
    },
    {
        "model": "auth.permission",
        "pk": 428,
        "fields": {
            "name": "Can view Selectielijstconfiguratie",
            "content_type": 107,
            "codename": "view_referentielijstconfig"
        }
    },
    {
        "model": "auth.permission",
        "pk": 429,
        "fields": {
            "name": "Can add failed notification",
            "content_type": 108,
            "codename": "add_failednotification"
        }
    },
    {
        "model": "auth.permission",
        "pk": 430,
        "fields": {
            "name": "Can change failed notification",
            "content_type": 108,
            "codename": "change_failednotification"
        }
    },
    {
        "model": "auth.permission",
        "pk": 431,
        "fields": {
            "name": "Can delete failed notification",
            "content_type": 108,
            "codename": "delete_failednotification"
        }
    },
    {
        "model": "auth.permission",
        "pk": 432,
        "fields": {
            "name": "Can view failed notification",
            "content_type": 108,
            "codename": "view_failednotification"
        }
    },
    {
        "model": "auth.group",
        "pk": 1,
        "fields": {
            "name": "Admin",
            "permissions": [
                145,
                146,
                147,
                148,
                33,
                34,
                35,
                36,
                25,
                26,
                27,
                28,
                29,
                30,
                31,
                32,
                21,
                22,
                23,
                24,
                125,
                126,
                127,
                128,
                9,
                10,
                11,
                12,
                5,
                6,
                7,
                8,
                117,
                118,
                119,
                120,
                113,
                114,
                115,
                116,
                121,
                122,
                123,
                124,
                153,
                154,
                155,
                156,
                41,
                42,
                43,
                44,
                45,
                46,
                47,
                48,
                333,
                334,
                335,
                336,
                337,
                338,
                339,
                340,
                365,
                366,
                367,
                368,
                369,
                370,
                371,
                372,
                377,
                378,
                379,
                380,
                373,
                374,
                375,
                376,
                381,
                382,
                383,
                384,
                393,
                394,
                395,
                396,
                397,
                398,
                399,
                400,
                401,
                402,
                403,
                404,
                413,
                414,
                415,
                416,
                385,
                386,
                387,
                388,
                389,
                390,
                391,
                392,
                1,
                2,
                3,
                4,
                109,
                110,
                111,
                112,
                345,
                346,
                347,
                348,
                341,
                342,
                343,
                344,
                353,
                354,
                355,
                356,
                357,
                358,
                359,
                360,
                129,
                130,
                131,
                132,
                133,
                134,
                135,
                136,
                429,
                430,
                431,
                432,
                13,
                14,
                15,
                16,
                17,
                18,
                19,
                20,
                49,
                50,
                51,
                52,
                305,
                306,
                307,
                308,
                213,
                214,
                215,
                216,
                217,
                218,
                219,
                220,
                221,
                222,
                223,
                224,
                225,
                226,
                227,
                228,
                229,
                230,
                231,
                232,
                297,
                298,
                299,
                300,
                197,
                198,
                199,
                200,
                233,
                234,
                235,
                236,
                237,
                238,
                239,
                240,
                325,
                326,
                327,
                328,
                309,
                310,
                311,
                312,
                313,
                314,
                315,
                316,
                241,
                242,
                243,
                244,
                321,
                322,
                323,
                324,
                273,
                274,
                275,
                276,
                245,
                246,
                247,
                248,
                165,
                166,
                167,
                168,
                173,
                174,
                175,
                176,
                177,
                178,
                179,
                180,
                249,
                250,
                251,
                252,
                169,
                170,
                171,
                172,
                329,
                330,
                331,
                332,
                253,
                254,
                255,
                256,
                277,
                278,
                279,
                280,
                317,
                318,
                319,
                320,
                257,
                258,
                259,
                260,
                261,
                262,
                263,
                264,
                265,
                266,
                267,
                268,
                269,
                270,
                271,
                272,
                281,
                282,
                283,
                284,
                289,
                290,
                291,
                292,
                285,
                286,
                287,
                288,
                161,
                162,
                163,
                164,
                201,
                202,
                203,
                204,
                185,
                186,
                187,
                188,
                193,
                194,
                195,
                196,
                189,
                190,
                191,
                192,
                181,
                182,
                183,
                184,
                293,
                294,
                295,
                296,
                301,
                302,
                303,
                304
            ]
        }
    },
    {
        "model": "auth.group",
        "pk": 2,
        "fields": {
            "name": "Autorisaties admin",
            "permissions": [
                117,
                118,
                119,
                120,
                113,
                114,
                115,
                116,
                121,
                122,
                123,
                124,
                153,
                154,
                155,
                156
            ]
        }
    },
    {
        "model": "auth.group",
        "pk": 3,
        "fields": {
            "name": "Besluiten admin",
            "permissions": [
                333,
                334,
                335,
                336,
                337,
                338,
                339,
                340
            ]
        }
    },
    {
        "model": "auth.group",
        "pk": 4,
        "fields": {
            "name": "Catalogi admin",
            "permissions": [
                365,
                366,
                367,
                368,
                369,
                370,
                371,
                372,
                377,
                378,
                379,
                380,
                373,
                374,
                375,
                376,
                381,
                382,
                383,
                384,
                393,
                394,
                395,
                396,
                397,
                398,
                399,
                400,
                401,
                402,
                403,
                404,
                413,
                414,
                415,
                416,
                385,
                386,
                387,
                388,
                389,
                390,
                391,
                392
            ]
        }
    },
    {
        "model": "auth.group",
        "pk": 5,
        "fields": {
            "name": "Documenten admin",
            "permissions": [
                345,
                346,
                347,
                348,
                341,
                342,
                343,
                344,
                353,
                354,
                355,
                356,
                357,
                358,
                359,
                360
            ]
        }
    },
    {
        "model": "auth.group",
        "pk": 6,
        "fields": {
            "name": "Zaken admin",
            "permissions": [
                305,
                306,
                307,
                308,
                213,
                214,
                215,
                216,
                217,
                218,
                219,
                220,
                221,
                222,
                223,
                224,
                225,
                226,
                227,
                228,
                229,
                230,
                231,
                232,
                297,
                298,
                299,
                300,
                197,
                198,
                199,
                200,
                233,
                234,
                235,
                236,
                237,
                238,
                239,
                240,
                325,
                326,
                327,
                328,
                309,
                310,
                311,
                312,
                313,
                314,
                315,
                316,
                241,
                242,
                243,
                244,
                321,
                322,
                323,
                324,
                273,
                274,
                275,
                276,
                245,
                246,
                247,
                248,
                165,
                166,
                167,
                168,
                173,
                174,
                175,
                176,
                177,
                178,
                179,
                180,
                249,
                250,
                251,
                252,
                169,
                170,
                171,
                172,
                329,
                330,
                331,
                332,
                253,
                254,
                255,
                256,
                277,
                278,
                279,
                280,
                317,
                318,
                319,
                320,
                257,
                258,
                259,
                260,
                261,
                262,
                263,
                264,
                265,
                266,
                267,
                268,
                269,
                270,
                271,
                272,
                281,
                282,
                283,
                284,
                289,
                290,
                291,
                292,
                285,
                286,
                287,
                288,
                161,
                162,
                163,
                164,
                201,
                202,
                203,
                204,
                185,
                186,
                187,
                188,
                193,
                194,
                195,
                196,
                189,
                190,
                191,
                192,
                181,
                182,
                183,
                184,
                293,
                294,
                295,
                296,
                301,
                302,
                303,
                304
            ]
        }
    },
    {
        "model": "auth.group",
        "pk": 7,
        "fields": {
            "name": "Autorisaties read",
            "permissions": [
                120,
                116,
                124,
                156
            ]
        }
    },
    {
        "model": "auth.group",
        "pk": 8,
        "fields": {
            "name": "Besluiten read",
            "permissions": [
                336,
                340
            ]
        }
    },
    {
        "model": "auth.group",
        "pk": 9,
        "fields": {
            "name": "Catalogi read",
            "permissions": [
                368,
                372,
                380,
                376,
                384,
                396,
                400,
                404,
                416,
                388,
                392
            ]
        }
    },
    {
        "model": "auth.group",
        "pk": 10,
        "fields": {
            "name": "Documenten read",
            "permissions": [
                348,
                344,
                356,
                360
            ]
        }
    },
    {
        "model": "auth.group",
        "pk": 11,
        "fields": {
            "name": "Zaken read",
            "permissions": [
                308,
                216,
                220,
                224,
                228,
                232,
                300,
                200,
                236,
                240,
                328,
                312,
                316,
                244,
                324,
                276,
                248,
                168,
                176,
                180,
                252,
                172,
                332,
                256,
                280,
                320,
                260,
                264,
                268,
                272,
                284,
                292,
                288,
                164,
                204,
                188,
                196,
                192,
                184,
                296,
                304
            ]
        }
    },
    {
        "model": "auth.group",
        "pk": 12,
        "fields": {
            "name": "User admin",
            "permissions": [
                145,
                146,
                147,
                148,
                12
            ]
        }
    },
    {
        "model": "auth.group",
        "pk": 13,
        "fields": {
            "name": "API admin",
            "permissions": [
                117,
                118,
                119,
                120,
                121,
                122,
                123,
                124,
                153,
                154,
                155,
                156,
                49,
                50,
                51,
                52
            ]
        }
    },
    {
        "model": "vng_api_common.jwtsecret",
        "pk": 1,
        "fields": {
            "identifier": "test-vcr",
            "secret": "test-vcr"
        }
    },
    {
        "model": "notifications_api_common.notificationsconfig",
        "pk": 1,
        "fields": {
            "notifications_api_service": null,
            "notification_delivery_max_retries": 5,
            "notification_delivery_retry_backoff": 3,
            "notification_delivery_retry_backoff_max": 48
        }
    },
    {
        "model": "zgw_consumers.service",
        "pk": 1,
        "fields": {
            "label": "VNG Selectielijst",
            "oas": "https://selectielijst.openzaak.nl/api/v1/schema/openapi.yaml",
            "oas_file": "",
            "uuid": "bfa847d6-2dc4-487f-97be-00cd54827222",
            "api_type": "orc",
            "api_root": "https://selectielijst.openzaak.nl/api/v1/",
            "client_id": "",
            "secret": "",
            "auth_type": "no_auth",
            "header_key": "",
            "header_value": "",
            "nlx": "",
            "user_id": "",
            "user_representation": "",
            "client_certificate": null,
            "server_certificate": null
        }
    },
    {
        "model": "mozilla_django_oidc_db.openidconnectconfig",
        "pk": 1,
        "fields": {
            "enabled": false,
            "oidc_rp_client_id": "",
            "oidc_rp_client_secret": "",
            "oidc_rp_sign_algo": "HS256",
            "oidc_rp_scopes_list": "[\"openid\", \"email\", \"profile\"]",
            "oidc_op_discovery_endpoint": "",
            "oidc_op_jwks_endpoint": "",
            "oidc_op_authorization_endpoint": "",
            "oidc_op_token_endpoint": "",
            "oidc_token_use_basic_auth": false,
            "oidc_op_user_endpoint": "",
            "oidc_rp_idp_sign_key": "",
            "oidc_use_nonce": true,
            "oidc_nonce_size": 32,
            "oidc_state_size": 32,
            "oidc_exempt_urls": "[]",
            "userinfo_claims_source": "userinfo_endpoint",
            "username_claim": "[\"sub\"]",
            "claim_mapping": {
                "email": [
                    "email"
                ],
                "last_name": [
                    "family_name"
                ],
                "first_name": [
                    "given_name"
                ]
            },
            "groups_claim": "[\"roles\"]",
            "sync_groups": true,
            "sync_groups_glob_pattern": "*",
            "make_users_staff": false,
            "superuser_group_names": "[]",
            "default_groups": []
        }
    },
    {
        "model": "authorizations.applicatie",
        "pk": 1,
        "fields": {
            "uuid": "72320633-898b-419c-be94-ce8e7800b021",
            "client_ids": "[\"test-vcr\"]",
            "label": "VCR test",
            "heeft_alle_autorisaties": true
        }
    },
    {
        "model": "notifications.notificationsconfig",
        "pk": 1,
        "fields": {
            "api_root": "https://notificaties-api.vng.cloud/api/v1/"
        }
    },
    {
        "model": "zaken.zaakidentificatie",
        "pk": 1,
        "fields": {
            "identificatie": "ZAAK_3",
            "bronorganisatie": "610345874"
        }
    },
    {
        "model": "zaken.zaakidentificatie",
        "pk": 2,
        "fields": {
            "identificatie": "ZAAK_4",
            "bronorganisatie": "137629485"
        }
    },
    {
        "model": "zaken.zaakidentificatie",
        "pk": 3,
        "fields": {
            "identificatie": "ZAAK_5",
            "bronorganisatie": "291084357"
        }
    },
    {
        "model": "zaken.zaakidentificatie",
        "pk": 4,
        "fields": {
            "identificatie": "ZAAK_6",
            "bronorganisatie": "854069276"
        }
    },
    {
        "model": "zaken.zaakidentificatie",
        "pk": 5,
        "fields": {
            "identificatie": "ZAAK_7",
            "bronorganisatie": "408276939"
        }
    },
    {
        "model": "zaken.zaakidentificatie",
        "pk": 6,
        "fields": {
            "identificatie": "ZAAK_8",
            "bronorganisatie": "173654800"
        }
    },
    {
        "model": "zaken.zaakidentificatie",
        "pk": 7,
        "fields": {
            "identificatie": "ZAAK_9",
            "bronorganisatie": "217840358"
        }
    },
    {
        "model": "zaken.zaakidentificatie",
        "pk": 8,
        "fields": {
            "identificatie": "ZAAK_10",
            "bronorganisatie": "309816257"
        }
    },
    {
        "model": "zaken.zaakidentificatie",
        "pk": 9,
        "fields": {
            "identificatie": "ZAAK_11",
            "bronorganisatie": "920416834"
        }
    },
    {
        "model": "zaken.zaak",
        "pk": 1,
        "fields": {
            "_etag": "",
            "uuid": "dd1ba262-6f75-4b6b-a8e1-925e7d562f93",
            "_id": null,
            "_identificatie": "",
            "_bronorganisatie": "",
            "hoofdzaak": null,
            "omschrijving": "",
            "toelichting": "",
            "_zaaktype": 1,
            "registratiedatum": "2024-07-06",
            "verantwoordelijke_organisatie": "816304579",
            "startdatum": "2024-07-04",
            "einddatum": null,
            "einddatum_gepland": null,
            "uiterlijke_einddatum_afdoening": null,
            "publicatiedatum": null,
            "producten_of_diensten": "[]",
            "communicatiekanaal": "",
            "vertrouwelijkheidaanduiding": "openbaar",
            "betalingsindicatie": "",
            "laatste_betaaldatum": null,
            "zaakgeometrie": "SRID=4326;POINT (22.382357415876882 59.03707280968559)",
            "verlenging_reden": "",
            "verlenging_duur": null,
            "opschorting_indicatie": false,
            "opschorting_reden": "",
            "selectielijstklasse": "",
            "archiefnominatie": null,
            "archiefstatus": "nog_te_archiveren",
            "archiefactiedatum": null,
            "opdrachtgevende_organisatie": "",
            "processobjectaard": "",
            "startdatum_bewaartermijn": null,
            "processobject_datumkenmerk": "",
            "processobject_identificatie": "",
            "processobject_objecttype": "",
            "processobject_registratie": "",
            "communicatiekanaal_naam": "",
            "created_on": "2024-07-09T08:24:41.411Z"
        }
    },
    {
        "model": "zaken.zaak",
        "pk": 2,
        "fields": {
            "_etag": "",
            "uuid": "8b122a5b-6263-425d-9664-92516274ab14",
            "_id": null,
            "_identificatie": "",
            "_bronorganisatie": "",
            "hoofdzaak": null,
            "omschrijving": "",
            "toelichting": "",
            "_zaaktype": 1,
            "registratiedatum": "2024-07-02",
            "verantwoordelijke_organisatie": "374610952",
            "startdatum": "2024-07-01",
            "einddatum": null,
            "einddatum_gepland": null,
            "uiterlijke_einddatum_afdoening": null,
            "publicatiedatum": null,
            "producten_of_diensten": "[]",
            "communicatiekanaal": "",
            "vertrouwelijkheidaanduiding": "geheim",
            "betalingsindicatie": "",
            "laatste_betaaldatum": null,
            "zaakgeometrie": "SRID=4326;POINT (22.382357415876882 59.03707280968559)",
            "verlenging_reden": "",
            "verlenging_duur": null,
            "opschorting_indicatie": false,
            "opschorting_reden": "",
            "selectielijstklasse": "",
            "archiefnominatie": null,
            "archiefstatus": "nog_te_archiveren",
            "archiefactiedatum": null,
            "opdrachtgevende_organisatie": "",
            "processobjectaard": "",
            "startdatum_bewaartermijn": null,
            "processobject_datumkenmerk": "",
            "processobject_identificatie": "",
            "processobject_objecttype": "",
            "processobject_registratie": "",
            "communicatiekanaal_naam": "",
            "created_on": "2024-07-09T08:24:41.411Z"
        }
    },
    {
        "model": "zaken.zaak",
        "pk": 3,
        "fields": {
            "_etag": "",
            "uuid": "27596544-3bfe-4102-bf65-3599f524c70e",
            "_id": null,
            "_identificatie": "",
            "_bronorganisatie": "",
            "hoofdzaak": null,
            "omschrijving": "",
            "toelichting": "",
            "_zaaktype": 1,
            "registratiedatum": "2024-07-02",
            "verantwoordelijke_organisatie": "045932864",
            "startdatum": "2024-07-05",
            "einddatum": null,
            "einddatum_gepland": null,
            "uiterlijke_einddatum_afdoening": null,
            "publicatiedatum": null,
            "producten_of_diensten": "[]",
            "communicatiekanaal": "",
            "vertrouwelijkheidaanduiding": "zeer_geheim",
            "betalingsindicatie": "",
            "laatste_betaaldatum": null,
            "zaakgeometrie": "SRID=4326;POINT (22.382357415876882 59.03707280968559)",
            "verlenging_reden": "",
            "verlenging_duur": null,
            "opschorting_indicatie": false,
            "opschorting_reden": "",
            "selectielijstklasse": "",
            "archiefnominatie": null,
            "archiefstatus": "nog_te_archiveren",
            "archiefactiedatum": null,
            "opdrachtgevende_organisatie": "",
            "processobjectaard": "",
            "startdatum_bewaartermijn": null,
            "processobject_datumkenmerk": "",
            "processobject_identificatie": "",
            "processobject_objecttype": "",
            "processobject_registratie": "",
            "communicatiekanaal_naam": "",
            "created_on": "2024-07-09T08:24:41.412Z"
        }
    },
    {
        "model": "zaken.zaak",
        "pk": 4,
        "fields": {
            "_etag": "",
            "uuid": "552b3068-e75a-4c2a-aa5c-b0fd11233455",
            "_id": null,
            "_identificatie": "",
            "_bronorganisatie": "",
            "hoofdzaak": null,
            "omschrijving": "",
            "toelichting": "",
            "_zaaktype": 2,
            "registratiedatum": "2024-07-02",
            "verantwoordelijke_organisatie": "735698144",
            "startdatum": "2024-07-02",
            "einddatum": null,
            "einddatum_gepland": null,
            "uiterlijke_einddatum_afdoening": null,
            "publicatiedatum": null,
            "producten_of_diensten": "[]",
            "communicatiekanaal": "",
            "vertrouwelijkheidaanduiding": "beperkt_openbaar",
            "betalingsindicatie": "",
            "laatste_betaaldatum": null,
            "zaakgeometrie": "SRID=4326;POINT (37.532256371904246 81.36577958653682)",
            "verlenging_reden": "",
            "verlenging_duur": null,
            "opschorting_indicatie": false,
            "opschorting_reden": "",
            "selectielijstklasse": "",
            "archiefnominatie": null,
            "archiefstatus": "nog_te_archiveren",
            "archiefactiedatum": null,
            "opdrachtgevende_organisatie": "",
            "processobjectaard": "",
            "startdatum_bewaartermijn": null,
            "processobject_datumkenmerk": "",
            "processobject_identificatie": "",
            "processobject_objecttype": "",
            "processobject_registratie": "",
            "communicatiekanaal_naam": "",
            "created_on": "2024-07-09T08:24:41.432Z"
        }
    },
    {
        "model": "zaken.zaak",
        "pk": 5,
        "fields": {
            "_etag": "",
            "uuid": "f02254c3-ff7c-4d80-911e-7b9d5c640ed2",
            "_id": null,
            "_identificatie": "",
            "_bronorganisatie": "",
            "hoofdzaak": null,
            "omschrijving": "",
            "toelichting": "",
            "_zaaktype": 2,
            "registratiedatum": "2024-07-08",
            "verantwoordelijke_organisatie": "708156423",
            "startdatum": "2024-07-07",
            "einddatum": null,
            "einddatum_gepland": null,
            "uiterlijke_einddatum_afdoening": null,
            "publicatiedatum": null,
            "producten_of_diensten": "[]",
            "communicatiekanaal": "",
            "vertrouwelijkheidaanduiding": "geheim",
            "betalingsindicatie": "",
            "laatste_betaaldatum": null,
            "zaakgeometrie": "SRID=4326;POINT (37.532256371904246 81.36577958653682)",
            "verlenging_reden": "",
            "verlenging_duur": null,
            "opschorting_indicatie": false,
            "opschorting_reden": "",
            "selectielijstklasse": "",
            "archiefnominatie": null,
            "archiefstatus": "nog_te_archiveren",
            "archiefactiedatum": null,
            "opdrachtgevende_organisatie": "",
            "processobjectaard": "",
            "startdatum_bewaartermijn": null,
            "processobject_datumkenmerk": "",
            "processobject_identificatie": "",
            "processobject_objecttype": "",
            "processobject_registratie": "",
            "communicatiekanaal_naam": "",
            "created_on": "2024-07-09T08:24:41.432Z"
        }
    },
    {
        "model": "zaken.zaak",
        "pk": 6,
        "fields": {
            "_etag": "",
            "uuid": "66bee62b-a146-4a79-a385-d10f8377260a",
            "_id": null,
            "_identificatie": "",
            "_bronorganisatie": "",
            "hoofdzaak": null,
            "omschrijving": "",
            "toelichting": "",
            "_zaaktype": 2,
            "registratiedatum": "2024-07-01",
            "verantwoordelijke_organisatie": "841725366",
            "startdatum": "2024-07-06",
            "einddatum": null,
            "einddatum_gepland": null,
            "uiterlijke_einddatum_afdoening": null,
            "publicatiedatum": null,
            "producten_of_diensten": "[]",
            "communicatiekanaal": "",
            "vertrouwelijkheidaanduiding": "intern",
            "betalingsindicatie": "",
            "laatste_betaaldatum": null,
            "zaakgeometrie": "SRID=4326;POINT (37.532256371904246 81.36577958653682)",
            "verlenging_reden": "",
            "verlenging_duur": null,
            "opschorting_indicatie": false,
            "opschorting_reden": "",
            "selectielijstklasse": "",
            "archiefnominatie": null,
            "archiefstatus": "nog_te_archiveren",
            "archiefactiedatum": null,
            "opdrachtgevende_organisatie": "",
            "processobjectaard": "",
            "startdatum_bewaartermijn": null,
            "processobject_datumkenmerk": "",
            "processobject_identificatie": "",
            "processobject_objecttype": "",
            "processobject_registratie": "",
            "communicatiekanaal_naam": "",
            "created_on": "2024-07-09T08:24:41.433Z"
        }
    },
    {
        "model": "zaken.zaak",
        "pk": 7,
        "fields": {
            "_etag": "",
            "uuid": "e1a5759b-373a-4156-91f1-118053837257",
            "_id": null,
            "_identificatie": "",
            "_bronorganisatie": "",
            "hoofdzaak": null,
            "omschrijving": "",
            "toelichting": "",
            "_zaaktype": 3,
            "registratiedatum": "2024-07-01",
            "verantwoordelijke_organisatie": "489673120",
            "startdatum": "2024-07-04",
            "einddatum": null,
            "einddatum_gepland": null,
            "uiterlijke_einddatum_afdoening": null,
            "publicatiedatum": null,
            "producten_of_diensten": "[]",
            "communicatiekanaal": "",
            "vertrouwelijkheidaanduiding": "zeer_geheim",
            "betalingsindicatie": "",
            "laatste_betaaldatum": null,
            "zaakgeometrie": "SRID=4326;POINT (2.7445641955866034 61.802263729956096)",
            "verlenging_reden": "",
            "verlenging_duur": null,
            "opschorting_indicatie": false,
            "opschorting_reden": "",
            "selectielijstklasse": "",
            "archiefnominatie": null,
            "archiefstatus": "nog_te_archiveren",
            "archiefactiedatum": null,
            "opdrachtgevende_organisatie": "",
            "processobjectaard": "",
            "startdatum_bewaartermijn": null,
            "processobject_datumkenmerk": "",
            "processobject_identificatie": "",
            "processobject_objecttype": "",
            "processobject_registratie": "",
            "communicatiekanaal_naam": "",
            "created_on": "2024-07-09T08:24:41.444Z"
        }
    },
    {
        "model": "zaken.zaak",
        "pk": 8,
        "fields": {
            "_etag": "5fd54a006a2bdcd742f477be2f3ba733",
            "uuid": "01483422-576d-468f-9233-47293aba7c89",
            "_id": null,
            "_identificatie": "",
            "_bronorganisatie": "",
            "hoofdzaak": null,
            "omschrijving": "",
            "toelichting": "",
            "_zaaktype": 3,
            "registratiedatum": "2024-07-05",
            "verantwoordelijke_organisatie": "975321043",
            "startdatum": "2024-07-01",
            "einddatum": "2024-07-03",
            "einddatum_gepland": null,
            "uiterlijke_einddatum_afdoening": null,
            "publicatiedatum": null,
            "producten_of_diensten": "[]",
            "communicatiekanaal": "",
            "vertrouwelijkheidaanduiding": "geheim",
            "betalingsindicatie": "",
            "laatste_betaaldatum": null,
            "zaakgeometrie": "SRID=4326;POINT (2.744564195586603 61.80226372995608)",
            "verlenging_reden": "",
            "verlenging_duur": "P0D",
            "opschorting_indicatie": false,
            "opschorting_reden": "",
            "selectielijstklasse": "",
            "archiefnominatie": "vernietigen",
            "archiefstatus": "nog_te_archiveren",
            "archiefactiedatum": "2024-10-01",
            "opdrachtgevende_organisatie": "",
            "processobjectaard": "",
            "startdatum_bewaartermijn": null,
            "processobject_datumkenmerk": "",
            "processobject_identificatie": "",
            "processobject_objecttype": "",
            "processobject_registratie": "",
            "communicatiekanaal_naam": "",
            "created_on": "2024-07-09T08:24:41.444Z"
        }
    },
    {
        "model": "zaken.zaak",
        "pk": 9,
        "fields": {
            "_etag": "083defc52b3b27c151caa73c416f538a",
            "uuid": "141ed208-ef2d-4003-8f50-de9035f281fe",
            "_id": null,
            "_identificatie": "",
            "_bronorganisatie": "",
            "hoofdzaak": null,
            "omschrijving": "",
            "toelichting": "",
            "_zaaktype": 3,
            "registratiedatum": "2024-07-06",
            "verantwoordelijke_organisatie": "362510477",
            "startdatum": "2024-07-06",
            "einddatum": "2024-07-07",
            "einddatum_gepland": null,
            "uiterlijke_einddatum_afdoening": null,
            "publicatiedatum": null,
            "producten_of_diensten": "[]",
            "communicatiekanaal": "",
            "vertrouwelijkheidaanduiding": "zaakvertrouwelijk",
            "betalingsindicatie": "",
            "laatste_betaaldatum": null,
            "zaakgeometrie": "SRID=4326;POINT (2.744564195586603 61.80226372995608)",
            "verlenging_reden": "",
            "verlenging_duur": "P0D",
            "opschorting_indicatie": false,
            "opschorting_reden": "",
            "selectielijstklasse": "",
            "archiefnominatie": "vernietigen",
            "archiefstatus": "nog_te_archiveren",
            "archiefactiedatum": "2024-10-01",
            "opdrachtgevende_organisatie": "",
            "processobjectaard": "",
            "startdatum_bewaartermijn": null,
            "processobject_datumkenmerk": "",
            "processobject_identificatie": "",
            "processobject_objecttype": "",
            "processobject_registratie": "",
            "communicatiekanaal_naam": "",
            "created_on": "2024-07-09T08:24:41.444Z"
        }
    },
    {
        "model": "zaken.status",
        "pk": 1,
        "fields": {
            "_etag": "",
            "uuid": "8c56c2f8-1ae3-4bbb-ba2d-f14ce08297a4",
            "zaak": 1,
            "_statustype": 1,
            "datum_status_gezet": "2024-07-09T08:24:41.479Z",
            "statustoelichting": "",
            "gezetdoor": null
        }
    },
    {
        "model": "zaken.status",
        "pk": 2,
        "fields": {
            "_etag": "",
            "uuid": "ddf3b948-eeb9-47da-bc8b-4e43a44416ad",
            "zaak": 1,
            "_statustype": 2,
            "datum_status_gezet": "2024-07-10T08:24:41.479Z",
            "statustoelichting": "",
            "gezetdoor": null
        }
    },
    {
        "model": "zaken.status",
        "pk": 3,
        "fields": {
            "_etag": "",
            "uuid": "6aeb6e3b-b5c5-4296-8752-e248487f8cda",
            "zaak": 1,
            "_statustype": 3,
            "datum_status_gezet": "2024-07-11T08:24:41.480Z",
            "statustoelichting": "",
            "gezetdoor": null
        }
    },
    {
        "model": "zaken.status",
        "pk": 4,
        "fields": {
            "_etag": "",
            "uuid": "7688e053-5069-4afc-8a2c-0d54e6f56083",
            "zaak": 2,
            "_statustype": 1,
            "datum_status_gezet": "2024-07-09T08:24:41.480Z",
            "statustoelichting": "",
            "gezetdoor": null
        }
    },
    {
        "model": "zaken.status",
        "pk": 5,
        "fields": {
            "_etag": "",
            "uuid": "003b5612-b0ad-4d05-b480-b600da9c0587",
            "zaak": 2,
            "_statustype": 2,
            "datum_status_gezet": "2024-07-10T08:24:41.480Z",
            "statustoelichting": "",
            "gezetdoor": null
        }
    },
    {
        "model": "zaken.status",
        "pk": 6,
        "fields": {
            "_etag": "",
            "uuid": "9e05b430-419b-40d8-a721-d1c8adb55a4d",
            "zaak": 2,
            "_statustype": 3,
            "datum_status_gezet": "2024-07-11T08:24:41.480Z",
            "statustoelichting": "",
            "gezetdoor": null
        }
    },
    {
        "model": "zaken.status",
        "pk": 7,
        "fields": {
            "_etag": "",
            "uuid": "817dbef1-bdf8-404c-a8d4-198c8b05a504",
            "zaak": 3,
            "_statustype": 1,
            "datum_status_gezet": "2024-07-09T08:24:41.480Z",
            "statustoelichting": "",
            "gezetdoor": null
        }
    },
    {
        "model": "zaken.status",
        "pk": 8,
        "fields": {
            "_etag": "",
            "uuid": "dac0ead2-17ab-4bec-b0ff-598bfb915a2b",
            "zaak": 3,
            "_statustype": 2,
            "datum_status_gezet": "2024-07-10T08:24:41.481Z",
            "statustoelichting": "",
            "gezetdoor": null
        }
    },
    {
        "model": "zaken.status",
        "pk": 9,
        "fields": {
            "_etag": "",
            "uuid": "aab507dc-6326-415f-98b1-48ae06d2aec9",
            "zaak": 3,
            "_statustype": 3,
            "datum_status_gezet": "2024-07-11T08:24:41.481Z",
            "statustoelichting": "",
            "gezetdoor": null
        }
    },
    {
        "model": "zaken.status",
        "pk": 10,
        "fields": {
            "_etag": "",
            "uuid": "33961b7d-de55-4721-9758-742a0f41032f",
            "zaak": 4,
            "_statustype": 4,
            "datum_status_gezet": "2024-07-09T08:24:41.481Z",
            "statustoelichting": "",
            "gezetdoor": null
        }
    },
    {
        "model": "zaken.status",
        "pk": 11,
        "fields": {
            "_etag": "",
            "uuid": "fdc9b5ab-4ae9-45db-b36f-4ba74d6806aa",
            "zaak": 4,
            "_statustype": 5,
            "datum_status_gezet": "2024-07-10T08:24:41.481Z",
            "statustoelichting": "",
            "gezetdoor": null
        }
    },
    {
        "model": "zaken.status",
        "pk": 12,
        "fields": {
            "_etag": "",
            "uuid": "de436aaf-b348-42e4-a850-e86dca837468",
            "zaak": 4,
            "_statustype": 6,
            "datum_status_gezet": "2024-07-11T08:24:41.481Z",
            "statustoelichting": "",
            "gezetdoor": null
        }
    },
    {
        "model": "zaken.status",
        "pk": 13,
        "fields": {
            "_etag": "",
            "uuid": "2bc43125-9a3d-4308-9fd5-2be4d3950798",
            "zaak": 5,
            "_statustype": 4,
            "datum_status_gezet": "2024-07-09T08:24:41.482Z",
            "statustoelichting": "",
            "gezetdoor": null
        }
    },
    {
        "model": "zaken.status",
        "pk": 14,
        "fields": {
            "_etag": "",
            "uuid": "f6f60565-6863-4ecc-9f65-965dc8a72ae2",
            "zaak": 5,
            "_statustype": 5,
            "datum_status_gezet": "2024-07-10T08:24:41.482Z",
            "statustoelichting": "",
            "gezetdoor": null
        }
    },
    {
        "model": "zaken.status",
        "pk": 15,
        "fields": {
            "_etag": "",
            "uuid": "69785f0d-f3a9-464b-8932-d5b7f8bc295e",
            "zaak": 5,
            "_statustype": 6,
            "datum_status_gezet": "2024-07-11T08:24:41.482Z",
            "statustoelichting": "",
            "gezetdoor": null
        }
    },
    {
        "model": "zaken.status",
        "pk": 16,
        "fields": {
            "_etag": "",
            "uuid": "0b014706-8f24-4cf4-9749-ce1f33a3a742",
            "zaak": 6,
            "_statustype": 4,
            "datum_status_gezet": "2024-07-09T08:24:41.482Z",
            "statustoelichting": "",
            "gezetdoor": null
        }
    },
    {
        "model": "zaken.status",
        "pk": 17,
        "fields": {
            "_etag": "",
            "uuid": "3c7df2b4-6247-48dd-a63a-d377ebcd1f19",
            "zaak": 6,
            "_statustype": 5,
            "datum_status_gezet": "2024-07-10T08:24:41.482Z",
            "statustoelichting": "",
            "gezetdoor": null
        }
    },
    {
        "model": "zaken.status",
        "pk": 18,
        "fields": {
            "_etag": "",
            "uuid": "161ad835-4585-4922-b40a-010e7ccea866",
            "zaak": 6,
            "_statustype": 6,
            "datum_status_gezet": "2024-07-11T08:24:41.482Z",
            "statustoelichting": "",
            "gezetdoor": null
        }
    },
    {
        "model": "zaken.status",
        "pk": 19,
        "fields": {
            "_etag": "",
            "uuid": "22ecd722-a933-4603-9f0e-8cae66744bf6",
            "zaak": 7,
            "_statustype": 7,
            "datum_status_gezet": "2024-07-09T08:24:41.483Z",
            "statustoelichting": "",
            "gezetdoor": null
        }
    },
    {
        "model": "zaken.status",
        "pk": 20,
        "fields": {
            "_etag": "",
            "uuid": "0c403698-1885-4f10-9785-b46ae62aec68",
            "zaak": 7,
            "_statustype": 8,
            "datum_status_gezet": "2024-07-10T08:24:41.483Z",
            "statustoelichting": "",
            "gezetdoor": null
        }
    },
    {
        "model": "zaken.status",
        "pk": 21,
        "fields": {
            "_etag": "",
            "uuid": "516574c6-407d-40a2-a65e-834dcba8fcf5",
            "zaak": 7,
            "_statustype": 9,
            "datum_status_gezet": "2024-07-11T08:24:41.483Z",
            "statustoelichting": "",
            "gezetdoor": null
        }
    },
    {
        "model": "zaken.status",
        "pk": 22,
        "fields": {
            "_etag": "f45ddd23e14294ed8c82f702b4faa4a1",
            "uuid": "fdc4b551-5966-4498-ac90-7797c4e78169",
            "zaak": 8,
            "_statustype": 7,
            "datum_status_gezet": "2024-07-09T08:24:41.483Z",
            "statustoelichting": "",
            "gezetdoor": null
        }
    },
    {
        "model": "zaken.status",
        "pk": 23,
        "fields": {
            "_etag": "fcd188beb9edf0de12ac4cc7afb2b303",
            "uuid": "17f2d464-0e89-4f63-956e-379b62f4c63e",
            "zaak": 8,
            "_statustype": 8,
            "datum_status_gezet": "2024-07-10T08:24:41.483Z",
            "statustoelichting": "",
            "gezetdoor": null
        }
    },
    {
        "model": "zaken.status",
        "pk": 24,
        "fields": {
            "_etag": "fc4a5350effa42aa72550c6ad09970b6",
            "uuid": "2155bb2f-a0d4-4423-9b68-86e0249fb4e0",
            "zaak": 8,
            "_statustype": 9,
            "datum_status_gezet": "2024-07-11T08:24:41.484Z",
            "statustoelichting": "",
            "gezetdoor": null
        }
    },
    {
        "model": "zaken.status",
        "pk": 25,
        "fields": {
            "_etag": "1f389a6c571a2e7dc18b634b6ec3aee7",
            "uuid": "e827dcab-ad62-4422-91c4-957b1244af80",
            "zaak": 9,
            "_statustype": 7,
            "datum_status_gezet": "2024-07-09T08:24:41.484Z",
            "statustoelichting": "",
            "gezetdoor": null
        }
    },
    {
        "model": "zaken.status",
        "pk": 26,
        "fields": {
            "_etag": "ad6ac550c942bc91ccdf1a507bc3ec3f",
            "uuid": "6d65c7b2-62ee-4720-8494-bf7b9be38555",
            "zaak": 9,
            "_statustype": 8,
            "datum_status_gezet": "2024-07-10T08:24:41.484Z",
            "statustoelichting": "",
            "gezetdoor": null
        }
    },
    {
        "model": "zaken.status",
        "pk": 27,
        "fields": {
            "_etag": "e5c42783c6924cc34ad71abda61cb967",
            "uuid": "8604b778-9134-4f33-9078-e13876d9c814",
            "zaak": 9,
            "_statustype": 9,
            "datum_status_gezet": "2024-07-11T08:24:41.484Z",
            "statustoelichting": "",
            "gezetdoor": null
        }
    },
    {
        "model": "zaken.resultaat",
        "pk": 1,
        "fields": {
            "_etag": "",
            "uuid": "e6da38cd-0d0f-4929-b41b-9d2a9122d132",
            "zaak": 1,
            "_resultaattype": 2,
            "toelichting": ""
        }
    },
    {
        "model": "zaken.resultaat",
        "pk": 2,
        "fields": {
            "_etag": "",
            "uuid": "45fc4fe0-4156-4e28-a367-ac8e8129a830",
            "zaak": 2,
            "_resultaattype": 1,
            "toelichting": ""
        }
    },
    {
        "model": "zaken.resultaat",
        "pk": 3,
        "fields": {
            "_etag": "",
            "uuid": "bc43c761-4c62-401f-ad7f-3f6487dd2c95",
            "zaak": 3,
            "_resultaattype": 1,
            "toelichting": ""
        }
    },
    {
        "model": "zaken.resultaat",
        "pk": 4,
        "fields": {
            "_etag": "",
            "uuid": "7517d878-866c-43d7-9874-29836d118f06",
            "zaak": 4,
            "_resultaattype": 4,
            "toelichting": ""
        }
    },
    {
        "model": "zaken.resultaat",
        "pk": 5,
        "fields": {
            "_etag": "",
            "uuid": "add96c92-c874-4aa2-8dcd-003c02ac024d",
            "zaak": 5,
            "_resultaattype": 3,
            "toelichting": ""
        }
    },
    {
        "model": "zaken.resultaat",
        "pk": 6,
        "fields": {
            "_etag": "",
            "uuid": "43feeacf-7116-4b52-9b1c-6e82e3d90bb0",
            "zaak": 6,
            "_resultaattype": 3,
            "toelichting": ""
        }
    },
    {
        "model": "zaken.resultaat",
        "pk": 7,
        "fields": {
            "_etag": "",
            "uuid": "d1e1cbfd-e4e9-4368-b981-03aa720f91cf",
            "zaak": 7,
            "_resultaattype": 6,
            "toelichting": ""
        }
    },
    {
        "model": "zaken.resultaat",
        "pk": 8,
        "fields": {
            "_etag": "bbda860db639035cee76dcf2a1c2a2c1",
            "uuid": "693da061-b670-4af2-a5b6-d7bf193d5d0c",
            "zaak": 8,
            "_resultaattype": 5,
            "toelichting": ""
        }
    },
    {
        "model": "zaken.resultaat",
        "pk": 9,
        "fields": {
            "_etag": "a70afa14a05a19c4c8a5015eb3cfab79",
            "uuid": "64f538de-a592-45cf-ba51-db3aeb5a4378",
            "zaak": 9,
            "_resultaattype": 6,
            "toelichting": ""
        }
    },
    {
        "model": "zaken.rol",
        "pk": 1,
        "fields": {
            "_etag": "",
            "uuid": "62022ea4-da8b-494c-9ac8-44b11062cbf1",
            "zaak": 1,
            "betrokkene": "https://www.porter.com/",
            "betrokkene_type": "organisatorische_eenheid",
            "afwijkende_naam_betrokkene": "",
            "_roltype": 1,
            "omschrijving": "its",
            "omschrijving_generiek": "klantcontacter",
            "roltoelichting": "",
            "registratiedatum": "2024-07-09T08:24:41.538Z",
            "indicatie_machtiging": "",
            "contactpersoon_rol_emailadres": "",
            "contactpersoon_rol_functie": "",
            "contactpersoon_rol_telefoonnummer": "",
            "contactpersoon_rol_naam": ""
        }
    },
    {
        "model": "zaken.rol",
        "pk": 2,
        "fields": {
            "_etag": "",
            "uuid": "f386e175-ed53-4dd2-8c6c-b43d2763766e",
            "zaak": 2,
            "betrokkene": "http://baker.net/",
            "betrokkene_type": "niet_natuurlijk_persoon",
            "afwijkende_naam_betrokkene": "",
            "_roltype": 1,
            "omschrijving": "dinner",
            "omschrijving_generiek": "zaakcoordinator",
            "roltoelichting": "",
            "registratiedatum": "2024-07-09T08:24:41.538Z",
            "indicatie_machtiging": "",
            "contactpersoon_rol_emailadres": "",
            "contactpersoon_rol_functie": "",
            "contactpersoon_rol_telefoonnummer": "",
            "contactpersoon_rol_naam": ""
        }
    },
    {
        "model": "zaken.rol",
        "pk": 3,
        "fields": {
            "_etag": "",
            "uuid": "1213d123-1aeb-4a68-a094-9ccbe864709c",
            "zaak": 3,
            "betrokkene": "http://www.carey-frank.com/",
            "betrokkene_type": "vestiging",
            "afwijkende_naam_betrokkene": "",
            "_roltype": 1,
            "omschrijving": "moment",
            "omschrijving_generiek": "initiator",
            "roltoelichting": "",
            "registratiedatum": "2024-07-09T08:24:41.538Z",
            "indicatie_machtiging": "",
            "contactpersoon_rol_emailadres": "",
            "contactpersoon_rol_functie": "",
            "contactpersoon_rol_telefoonnummer": "",
            "contactpersoon_rol_naam": ""
        }
    },
    {
        "model": "zaken.rol",
        "pk": 4,
        "fields": {
            "_etag": "",
            "uuid": "9a00286f-a863-4de5-a02e-efe918b61e0e",
            "zaak": 4,
            "betrokkene": "https://www.hernandez-walker.com/",
            "betrokkene_type": "natuurlijk_persoon",
            "afwijkende_naam_betrokkene": "",
            "_roltype": 2,
            "omschrijving": "me",
            "omschrijving_generiek": "mede_initiator",
            "roltoelichting": "",
            "registratiedatum": "2024-07-09T08:24:41.538Z",
            "indicatie_machtiging": "",
            "contactpersoon_rol_emailadres": "",
            "contactpersoon_rol_functie": "",
            "contactpersoon_rol_telefoonnummer": "",
            "contactpersoon_rol_naam": ""
        }
    },
    {
        "model": "zaken.rol",
        "pk": 5,
        "fields": {
            "_etag": "",
            "uuid": "3958853f-01d3-443e-b019-28f22087883c",
            "zaak": 5,
            "betrokkene": "http://fox.com/",
            "betrokkene_type": "natuurlijk_persoon",
            "afwijkende_naam_betrokkene": "",
            "_roltype": 2,
            "omschrijving": "effect",
            "omschrijving_generiek": "klantcontacter",
            "roltoelichting": "",
            "registratiedatum": "2024-07-09T08:24:41.538Z",
            "indicatie_machtiging": "",
            "contactpersoon_rol_emailadres": "",
            "contactpersoon_rol_functie": "",
            "contactpersoon_rol_telefoonnummer": "",
            "contactpersoon_rol_naam": ""
        }
    },
    {
        "model": "zaken.rol",
        "pk": 6,
        "fields": {
            "_etag": "",
            "uuid": "1244c9aa-9f2a-4ec2-a330-221debb78e0b",
            "zaak": 6,
            "betrokkene": "https://www.jackson-long.com/",
            "betrokkene_type": "medewerker",
            "afwijkende_naam_betrokkene": "",
            "_roltype": 2,
            "omschrijving": "fact",
            "omschrijving_generiek": "adviseur",
            "roltoelichting": "",
            "registratiedatum": "2024-07-09T08:24:41.538Z",
            "indicatie_machtiging": "",
            "contactpersoon_rol_emailadres": "",
            "contactpersoon_rol_functie": "",
            "contactpersoon_rol_telefoonnummer": "",
            "contactpersoon_rol_naam": ""
        }
    },
    {
        "model": "zaken.rol",
        "pk": 7,
        "fields": {
            "_etag": "",
            "uuid": "4bfea3ad-1cf1-4efa-b2c0-98650fd5dce1",
            "zaak": 7,
            "betrokkene": "https://foster-olson.com/",
            "betrokkene_type": "vestiging",
            "afwijkende_naam_betrokkene": "",
            "_roltype": 3,
            "omschrijving": "general",
            "omschrijving_generiek": "adviseur",
            "roltoelichting": "",
            "registratiedatum": "2024-07-09T08:24:41.538Z",
            "indicatie_machtiging": "",
            "contactpersoon_rol_emailadres": "",
            "contactpersoon_rol_functie": "",
            "contactpersoon_rol_telefoonnummer": "",
            "contactpersoon_rol_naam": ""
        }
    },
    {
        "model": "zaken.rol",
        "pk": 8,
        "fields": {
            "_etag": "2757e2d628742ecde65259ff192413d7",
            "uuid": "18c79432-a584-4147-b852-75eef1bcbbf1",
            "zaak": 8,
            "betrokkene": "http://www.banks-allen.com/",
            "betrokkene_type": "medewerker",
            "afwijkende_naam_betrokkene": "",
            "_roltype": 3,
            "omschrijving": "imagine",
            "omschrijving_generiek": "initiator",
            "roltoelichting": "",
            "registratiedatum": "2024-07-09T08:24:41.538Z",
            "indicatie_machtiging": "",
            "contactpersoon_rol_emailadres": "",
            "contactpersoon_rol_functie": "",
            "contactpersoon_rol_telefoonnummer": "",
            "contactpersoon_rol_naam": ""
        }
    },
    {
        "model": "zaken.rol",
        "pk": 9,
        "fields": {
            "_etag": "5f5faf58c572eb2a336b7d3f68931140",
            "uuid": "5cc04841-2655-494a-b4a8-1d6f413f9514",
            "zaak": 9,
            "betrokkene": "http://smith.com/",
            "betrokkene_type": "niet_natuurlijk_persoon",
            "afwijkende_naam_betrokkene": "",
            "_roltype": 3,
            "omschrijving": "smile",
            "omschrijving_generiek": "behandelaar",
            "roltoelichting": "",
            "registratiedatum": "2024-07-09T08:24:41.538Z",
            "indicatie_machtiging": "",
            "contactpersoon_rol_emailadres": "",
            "contactpersoon_rol_functie": "",
            "contactpersoon_rol_telefoonnummer": "",
            "contactpersoon_rol_naam": ""
        }
    },
    {
        "model": "zaken.zaakobject",
        "pk": 1,
        "fields": {
            "uuid": "577a7c52-f0d4-4e7c-a6da-b38825ba274c",
            "zaak": 1,
            "object": "http://www.mendez.com/",
            "relatieomschrijving": "",
            "object_type": "wegdeel",
            "object_type_overige": "",
            "object_type_overige_definitie": null,
            "_zaakobjecttype_base_url": null,
            "_zaakobjecttype_relative_url": null,
            "_zaakobjecttype_url": null,
            "_zaakobjecttype": null,
            "zaakobjecttype": null
        }
    },
    {
        "model": "zaken.zaakobject",
        "pk": 2,
        "fields": {
            "uuid": "24af972f-66d4-4813-87ea-f06b10599bb5",
            "zaak": 2,
            "object": "https://www.scott.com/",
            "relatieomschrijving": "",
            "object_type": "vestiging",
            "object_type_overige": "",
            "object_type_overige_definitie": null,
            "_zaakobjecttype_base_url": null,
            "_zaakobjecttype_relative_url": null,
            "_zaakobjecttype_url": null,
            "_zaakobjecttype": null,
            "zaakobjecttype": null
        }
    },
    {
        "model": "zaken.zaakobject",
        "pk": 3,
        "fields": {
            "uuid": "5f24df28-974b-4882-b2b4-4cac94a2114c",
            "zaak": 3,
            "object": "https://www.harris-sanchez.org/",
            "relatieomschrijving": "",
            "object_type": "natuurlijk_persoon",
            "object_type_overige": "",
            "object_type_overige_definitie": null,
            "_zaakobjecttype_base_url": null,
            "_zaakobjecttype_relative_url": null,
            "_zaakobjecttype_url": null,
            "_zaakobjecttype": null,
            "zaakobjecttype": null
        }
    },
    {
        "model": "zaken.zaakobject",
        "pk": 4,
        "fields": {
            "uuid": "4ede3fc6-026e-4ff6-9ee7-14df96dde0ea",
            "zaak": 4,
            "object": "http://www.mccall.com/",
            "relatieomschrijving": "",
            "object_type": "medewerker",
            "object_type_overige": "",
            "object_type_overige_definitie": null,
            "_zaakobjecttype_base_url": null,
            "_zaakobjecttype_relative_url": null,
            "_zaakobjecttype_url": null,
            "_zaakobjecttype": null,
            "zaakobjecttype": null
        }
    },
    {
        "model": "zaken.zaakobject",
        "pk": 5,
        "fields": {
            "uuid": "539d5b5d-0de7-4b01-99b0-ff06bed0064f",
            "zaak": 5,
            "object": "http://dominguez.biz/",
            "relatieomschrijving": "",
            "object_type": "kadastrale_onroerende_zaak",
            "object_type_overige": "",
            "object_type_overige_definitie": null,
            "_zaakobjecttype_base_url": null,
            "_zaakobjecttype_relative_url": null,
            "_zaakobjecttype_url": null,
            "_zaakobjecttype": null,
            "zaakobjecttype": null
        }
    },
    {
        "model": "zaken.zaakobject",
        "pk": 6,
        "fields": {
            "uuid": "5b9d35ff-d663-4664-877e-3b75ba89c2ea",
            "zaak": 6,
            "object": "http://www.thomas.net/",
            "relatieomschrijving": "",
            "object_type": "medewerker",
            "object_type_overige": "",
            "object_type_overige_definitie": null,
            "_zaakobjecttype_base_url": null,
            "_zaakobjecttype_relative_url": null,
            "_zaakobjecttype_url": null,
            "_zaakobjecttype": null,
            "zaakobjecttype": null
        }
    },
    {
        "model": "zaken.zaakobject",
        "pk": 7,
        "fields": {
            "uuid": "b3f16841-fe55-4b1a-b21c-fc9767e1280d",
            "zaak": 7,
            "object": "http://www.herring-phillips.org/",
            "relatieomschrijving": "",
            "object_type": "woz_deelobject",
            "object_type_overige": "",
            "object_type_overige_definitie": null,
            "_zaakobjecttype_base_url": null,
            "_zaakobjecttype_relative_url": null,
            "_zaakobjecttype_url": null,
            "_zaakobjecttype": null,
            "zaakobjecttype": null
        }
    },
    {
        "model": "zaken.zaakobject",
        "pk": 8,
        "fields": {
            "uuid": "5fd473d8-9694-4168-a0e0-c60cb7d85976",
            "zaak": 8,
            "object": "http://porter.com/",
            "relatieomschrijving": "",
            "object_type": "inrichtingselement",
            "object_type_overige": "",
            "object_type_overige_definitie": null,
            "_zaakobjecttype_base_url": null,
            "_zaakobjecttype_relative_url": null,
            "_zaakobjecttype_url": null,
            "_zaakobjecttype": null,
            "zaakobjecttype": null
        }
    },
    {
        "model": "zaken.zaakobject",
        "pk": 9,
        "fields": {
            "uuid": "53a605c8-6ac3-48e9-abdb-570e1163cace",
            "zaak": 9,
            "object": "https://logan-obrien.com/",
            "relatieomschrijving": "",
            "object_type": "natuurlijk_persoon",
            "object_type_overige": "",
            "object_type_overige_definitie": null,
            "_zaakobjecttype_base_url": null,
            "_zaakobjecttype_relative_url": null,
            "_zaakobjecttype_url": null,
            "_zaakobjecttype": null,
            "zaakobjecttype": null
        }
    },
    {
        "model": "zaken.zaakeigenschap",
        "pk": 1,
        "fields": {
            "_etag": "",
            "uuid": "9b908dca-76d6-4dfd-a659-d55c7753d344",
            "zaak": 1,
            "_eigenschap": 1,
            "_naam": "and",
            "waarde": "remain"
        }
    },
    {
        "model": "zaken.zaakeigenschap",
        "pk": 2,
        "fields": {
            "_etag": "",
            "uuid": "113732ec-ad58-4a03-99ee-f08f35310a13",
            "zaak": 2,
            "_eigenschap": 1,
            "_naam": "drop",
            "waarde": "ground"
        }
    },
    {
        "model": "zaken.zaakeigenschap",
        "pk": 3,
        "fields": {
            "_etag": "",
            "uuid": "b0da6f57-ba47-4be0-87e8-13fd5ae659f4",
            "zaak": 3,
            "_eigenschap": 1,
            "_naam": "do",
            "waarde": "some"
        }
    },
    {
        "model": "zaken.zaakeigenschap",
        "pk": 4,
        "fields": {
            "_etag": "",
            "uuid": "f9d79dd0-0ba8-4068-a93f-a5aaa21d9cc3",
            "zaak": 4,
            "_eigenschap": 2,
            "_naam": "treatment",
            "waarde": "social"
        }
    },
    {
        "model": "zaken.zaakeigenschap",
        "pk": 5,
        "fields": {
            "_etag": "",
            "uuid": "206a1dd9-5816-45c8-800b-6465823606e4",
            "zaak": 5,
            "_eigenschap": 2,
            "_naam": "how",
            "waarde": "meet"
        }
    },
    {
        "model": "zaken.zaakeigenschap",
        "pk": 6,
        "fields": {
            "_etag": "",
            "uuid": "da00fb46-92c0-4547-a265-aa50f0fdcd1a",
            "zaak": 6,
            "_eigenschap": 2,
            "_naam": "degree",
            "waarde": "campaign"
        }
    },
    {
        "model": "zaken.zaakeigenschap",
        "pk": 7,
        "fields": {
            "_etag": "",
            "uuid": "c1724880-b891-4f9b-866f-4edb7e86175d",
            "zaak": 7,
            "_eigenschap": 3,
            "_naam": "person",
            "waarde": "general"
        }
    },
    {
        "model": "zaken.zaakeigenschap",
        "pk": 8,
        "fields": {
            "_etag": "62e5ecaada8e9508c7696780b7c776ad",
            "uuid": "a2803135-c57d-48bc-8767-f52c28845b4a",
            "zaak": 8,
            "_eigenschap": 3,
            "_naam": "probably",
            "waarde": "they"
        }
    },
    {
        "model": "zaken.zaakeigenschap",
        "pk": 9,
        "fields": {
            "_etag": "c38dff340059eac0c21d1e6100f290ee",
            "uuid": "44f71f63-88bc-4177-9d9c-f88d96ee089f",
            "zaak": 9,
            "_eigenschap": 3,
            "_naam": "car",
            "waarde": "cut"
        }
    },
    {
        "model": "zaken.zaakinformatieobject",
        "pk": 1,
        "fields": {
            "_etag": "",
            "uuid": "3a8b3395-647b-4481-a70a-d86e0c0188d3",
            "zaak": 1,
            "_informatieobject": 1,
            "aard_relatie": "",
            "titel": "",
            "beschrijving": "",
            "registratiedatum": "2024-07-09T08:24:41.705Z",
            "_objectinformatieobject_url": "",
            "vernietigingsdatum": null,
            "status": null
        }
    },
    {
        "model": "zaken.zaakinformatieobject",
        "pk": 2,
        "fields": {
            "_etag": "",
            "uuid": "97e4e2cd-f572-44a0-9732-987a820e388f",
            "zaak": 2,
            "_informatieobject": 2,
            "aard_relatie": "",
            "titel": "",
            "beschrijving": "",
            "registratiedatum": "2024-07-09T08:24:41.705Z",
            "_objectinformatieobject_url": "",
            "vernietigingsdatum": null,
            "status": null
        }
    },
    {
        "model": "zaken.zaakinformatieobject",
        "pk": 3,
        "fields": {
            "_etag": "",
            "uuid": "f2e80dc2-6a6c-47d0-a40b-6875ccf784f2",
            "zaak": 3,
            "_informatieobject": 3,
            "aard_relatie": "",
            "titel": "",
            "beschrijving": "",
            "registratiedatum": "2024-07-09T08:24:41.705Z",
            "_objectinformatieobject_url": "",
            "vernietigingsdatum": null,
            "status": null
        }
    },
    {
        "model": "zaken.zaakinformatieobject",
        "pk": 4,
        "fields": {
            "_etag": "",
            "uuid": "0bb7949a-0078-42aa-8cb1-21620275f655",
            "zaak": 4,
            "_informatieobject": 4,
            "aard_relatie": "",
            "titel": "",
            "beschrijving": "",
            "registratiedatum": "2024-07-09T08:24:41.705Z",
            "_objectinformatieobject_url": "",
            "vernietigingsdatum": null,
            "status": null
        }
    },
    {
        "model": "zaken.zaakinformatieobject",
        "pk": 5,
        "fields": {
            "_etag": "",
            "uuid": "36cbdd11-5da5-4304-b294-23ed9617c2c3",
            "zaak": 5,
            "_informatieobject": 5,
            "aard_relatie": "",
            "titel": "",
            "beschrijving": "",
            "registratiedatum": "2024-07-09T08:24:41.705Z",
            "_objectinformatieobject_url": "",
            "vernietigingsdatum": null,
            "status": null
        }
    },
    {
        "model": "zaken.zaakinformatieobject",
        "pk": 6,
        "fields": {
            "_etag": "",
            "uuid": "03543d9a-0747-4c9e-ab60-4981c12dd0e8",
            "zaak": 6,
            "_informatieobject": 6,
            "aard_relatie": "",
            "titel": "",
            "beschrijving": "",
            "registratiedatum": "2024-07-09T08:24:41.705Z",
            "_objectinformatieobject_url": "",
            "vernietigingsdatum": null,
            "status": null
        }
    },
    {
        "model": "zaken.zaakinformatieobject",
        "pk": 7,
        "fields": {
            "_etag": "",
            "uuid": "a749cbb2-2ace-47e7-b1c8-35515985d82d",
            "zaak": 7,
            "_informatieobject": 7,
            "aard_relatie": "",
            "titel": "",
            "beschrijving": "",
            "registratiedatum": "2024-07-09T08:24:41.705Z",
            "_objectinformatieobject_url": "",
            "vernietigingsdatum": null,
            "status": null
        }
    },
    {
        "model": "zaken.zaakinformatieobject",
        "pk": 8,
        "fields": {
            "_etag": "f6651aa762b1eed2aaa43bc45cab176e",
            "uuid": "c9ea4f1b-581c-4ef2-b304-d9639af79df6",
            "zaak": 8,
            "_informatieobject": 8,
            "aard_relatie": "",
            "titel": "",
            "beschrijving": "",
            "registratiedatum": "2024-07-09T08:24:41.705Z",
            "_objectinformatieobject_url": "",
            "vernietigingsdatum": null,
            "status": null
        }
    },
    {
        "model": "zaken.zaakinformatieobject",
        "pk": 9,
        "fields": {
            "_etag": "a1c118758f327403ab1ee46bf79f69b7",
            "uuid": "5baf2180-9d70-4e8f-95fb-aa3094fa0bd7",
            "zaak": 9,
            "_informatieobject": 9,
            "aard_relatie": "",
            "titel": "",
            "beschrijving": "",
            "registratiedatum": "2024-07-09T08:24:41.705Z",
            "_objectinformatieobject_url": "",
            "vernietigingsdatum": null,
            "status": null
        }
    },
    {
        "model": "besluiten.besluit",
        "pk": 1,
        "fields": {
            "_etag": "",
            "uuid": "aa7cb96c-1f6b-4e1a-9577-3e59c542d144",
            "identificatie": "BESLUIT_0",
            "verantwoordelijke_organisatie": "596270410",
            "_besluittype": 1,
            "_zaak_base_url": null,
            "_zaak_relative_url": null,
            "_zaak_url": null,
            "_zaak": null,
            "zaak": null,
            "datum": "2021-06-19",
            "toelichting": "",
            "bestuursorgaan": "",
            "ingangsdatum": "2016-06-01",
            "vervaldatum": null,
            "vervalreden": "",
            "publicatiedatum": null,
            "verzenddatum": null,
            "uiterlijke_reactiedatum": null,
            "_zaakbesluit_url": ""
        }
    },
    {
        "model": "besluiten.besluit",
        "pk": 2,
        "fields": {
            "_etag": "",
            "uuid": "8e744afc-9d93-4691-8e92-35ab06857312",
            "identificatie": "BESLUIT_1",
            "verantwoordelijke_organisatie": "704693811",
            "_besluittype": 1,
            "_zaak_base_url": null,
            "_zaak_relative_url": null,
            "_zaak_url": null,
            "_zaak": null,
            "zaak": null,
            "datum": "2020-09-26",
            "toelichting": "",
            "bestuursorgaan": "",
            "ingangsdatum": "2023-03-03",
            "vervaldatum": null,
            "vervalreden": "",
            "publicatiedatum": null,
            "verzenddatum": null,
            "uiterlijke_reactiedatum": null,
            "_zaakbesluit_url": ""
        }
    },
    {
        "model": "besluiten.besluit",
        "pk": 3,
        "fields": {
            "_etag": "",
            "uuid": "a270de4f-7d04-4bc9-a70a-89a73a134b8e",
            "identificatie": "BESLUIT_2",
            "verantwoordelijke_organisatie": "307954626",
            "_besluittype": 1,
            "_zaak_base_url": null,
            "_zaak_relative_url": null,
            "_zaak_url": null,
            "_zaak": null,
            "zaak": null,
            "datum": "2024-04-03",
            "toelichting": "",
            "bestuursorgaan": "",
            "ingangsdatum": "2011-01-28",
            "vervaldatum": null,
            "vervalreden": "",
            "publicatiedatum": null,
            "verzenddatum": null,
            "uiterlijke_reactiedatum": null,
            "_zaakbesluit_url": ""
        }
    },
    {
        "model": "besluiten.besluit",
        "pk": 4,
        "fields": {
            "_etag": "",
            "uuid": "1d4ad031-615c-4cb3-8980-99e0fd9b7988",
            "identificatie": "BESLUIT_3",
            "verantwoordelijke_organisatie": "135287601",
            "_besluittype": 2,
            "_zaak_base_url": null,
            "_zaak_relative_url": null,
            "_zaak_url": null,
            "_zaak": null,
            "zaak": null,
            "datum": "2021-01-29",
            "toelichting": "",
            "bestuursorgaan": "",
            "ingangsdatum": "2009-02-03",
            "vervaldatum": null,
            "vervalreden": "",
            "publicatiedatum": null,
            "verzenddatum": null,
            "uiterlijke_reactiedatum": null,
            "_zaakbesluit_url": ""
        }
    },
    {
        "model": "besluiten.besluit",
        "pk": 5,
        "fields": {
            "_etag": "",
            "uuid": "665d4593-9b91-4d41-9a69-075508971194",
            "identificatie": "BESLUIT_4",
            "verantwoordelijke_organisatie": "734260891",
            "_besluittype": 2,
            "_zaak_base_url": null,
            "_zaak_relative_url": null,
            "_zaak_url": null,
            "_zaak": null,
            "zaak": null,
            "datum": "2024-06-08",
            "toelichting": "",
            "bestuursorgaan": "",
            "ingangsdatum": "2010-07-25",
            "vervaldatum": null,
            "vervalreden": "",
            "publicatiedatum": null,
            "verzenddatum": null,
            "uiterlijke_reactiedatum": null,
            "_zaakbesluit_url": ""
        }
    },
    {
        "model": "besluiten.besluit",
        "pk": 6,
        "fields": {
            "_etag": "",
            "uuid": "de4fc9b8-1568-4a53-8298-1bec6907cc23",
            "identificatie": "BESLUIT_5",
            "verantwoordelijke_organisatie": "426380174",
            "_besluittype": 2,
            "_zaak_base_url": null,
            "_zaak_relative_url": null,
            "_zaak_url": null,
            "_zaak": null,
            "zaak": null,
            "datum": "2021-04-02",
            "toelichting": "",
            "bestuursorgaan": "",
            "ingangsdatum": "1995-03-20",
            "vervaldatum": null,
            "vervalreden": "",
            "publicatiedatum": null,
            "verzenddatum": null,
            "uiterlijke_reactiedatum": null,
            "_zaakbesluit_url": ""
        }
    },
    {
        "model": "besluiten.besluit",
        "pk": 7,
        "fields": {
            "_etag": "",
            "uuid": "15a37cdf-2a67-4c90-b26c-899d7d6965a0",
            "identificatie": "BESLUIT_6",
            "verantwoordelijke_organisatie": "210863742",
            "_besluittype": 3,
            "_zaak_base_url": null,
            "_zaak_relative_url": null,
            "_zaak_url": null,
            "_zaak": null,
            "zaak": null,
            "datum": "2022-10-30",
            "toelichting": "",
            "bestuursorgaan": "",
            "ingangsdatum": "2006-06-22",
            "vervaldatum": null,
            "vervalreden": "",
            "publicatiedatum": null,
            "verzenddatum": null,
            "uiterlijke_reactiedatum": null,
            "_zaakbesluit_url": ""
        }
    },
    {
        "model": "besluiten.besluit",
        "pk": 8,
        "fields": {
            "_etag": "",
            "uuid": "08357ea6-45de-42c2-8ff1-5b342a01ba1f",
            "identificatie": "BESLUIT_7",
            "verantwoordelijke_organisatie": "219035787",
            "_besluittype": 3,
            "_zaak_base_url": null,
            "_zaak_relative_url": null,
            "_zaak_url": null,
            "_zaak": null,
            "zaak": null,
            "datum": "2021-06-23",
            "toelichting": "",
            "bestuursorgaan": "",
            "ingangsdatum": "2006-11-06",
            "vervaldatum": null,
            "vervalreden": "",
            "publicatiedatum": null,
            "verzenddatum": null,
            "uiterlijke_reactiedatum": null,
            "_zaakbesluit_url": ""
        }
    },
    {
        "model": "besluiten.besluit",
        "pk": 9,
        "fields": {
            "_etag": "",
            "uuid": "61f59439-4e15-4ee6-8abe-ea6fb03c88bf",
            "identificatie": "BESLUIT_8",
            "verantwoordelijke_organisatie": "609824156",
            "_besluittype": 3,
            "_zaak_base_url": null,
            "_zaak_relative_url": null,
            "_zaak_url": null,
            "_zaak": null,
            "zaak": null,
            "datum": "2023-08-08",
            "toelichting": "",
            "bestuursorgaan": "",
            "ingangsdatum": "1995-07-08",
            "vervaldatum": null,
            "vervalreden": "",
            "publicatiedatum": null,
            "verzenddatum": null,
            "uiterlijke_reactiedatum": null,
            "_zaakbesluit_url": ""
        }
    },
    {
        "model": "besluiten.besluitinformatieobject",
        "pk": 1,
        "fields": {
            "_etag": "",
            "uuid": "1ac80196-57a6-4dbf-8cba-ed2608e1b0ee",
            "besluit": 1,
            "_informatieobject": 1,
            "_objectinformatieobject_url": ""
        }
    },
    {
        "model": "besluiten.besluitinformatieobject",
        "pk": 2,
        "fields": {
            "_etag": "",
            "uuid": "0411bd5f-4ced-4ce1-9412-cf20048ad04b",
            "besluit": 2,
            "_informatieobject": 2,
            "_objectinformatieobject_url": ""
        }
    },
    {
        "model": "besluiten.besluitinformatieobject",
        "pk": 3,
        "fields": {
            "_etag": "",
            "uuid": "3fb42320-68ab-4dbd-88ab-11de04141148",
            "besluit": 3,
            "_informatieobject": 3,
            "_objectinformatieobject_url": ""
        }
    },
    {
        "model": "besluiten.besluitinformatieobject",
        "pk": 4,
        "fields": {
            "_etag": "",
            "uuid": "9ba06289-15a8-4ed6-a336-cde9298f2664",
            "besluit": 4,
            "_informatieobject": 4,
            "_objectinformatieobject_url": ""
        }
    },
    {
        "model": "besluiten.besluitinformatieobject",
        "pk": 5,
        "fields": {
            "_etag": "",
            "uuid": "29ceeab0-3d23-4d61-a862-f3dee5287d79",
            "besluit": 5,
            "_informatieobject": 5,
            "_objectinformatieobject_url": ""
        }
    },
    {
        "model": "besluiten.besluitinformatieobject",
        "pk": 6,
        "fields": {
            "_etag": "",
            "uuid": "c36f2c03-9958-4bcc-b76f-77c9dd50ea98",
            "besluit": 6,
            "_informatieobject": 6,
            "_objectinformatieobject_url": ""
        }
    },
    {
        "model": "besluiten.besluitinformatieobject",
        "pk": 7,
        "fields": {
            "_etag": "",
            "uuid": "44d35938-3bd9-4c32-a182-a6435c0a1b59",
            "besluit": 7,
            "_informatieobject": 7,
            "_objectinformatieobject_url": ""
        }
    },
    {
        "model": "besluiten.besluitinformatieobject",
        "pk": 8,
        "fields": {
            "_etag": "",
            "uuid": "f87ee453-a267-436c-b96b-bf3b9bc266f9",
            "besluit": 8,
            "_informatieobject": 8,
            "_objectinformatieobject_url": ""
        }
    },
    {
        "model": "besluiten.besluitinformatieobject",
        "pk": 9,
        "fields": {
            "_etag": "",
            "uuid": "c9c59eff-1c91-4a68-9551-f93a7a1305cb",
            "besluit": 9,
            "_informatieobject": 9,
            "_objectinformatieobject_url": ""
        }
    },
    {
        "model": "documenten.enkelvoudiginformatieobjectcanonical",
        "pk": 1,
        "fields": {
            "lock": ""
        }
    },
    {
        "model": "documenten.enkelvoudiginformatieobjectcanonical",
        "pk": 2,
        "fields": {
            "lock": ""
        }
    },
    {
        "model": "documenten.enkelvoudiginformatieobjectcanonical",
        "pk": 3,
        "fields": {
            "lock": ""
        }
    },
    {
        "model": "documenten.enkelvoudiginformatieobjectcanonical",
        "pk": 4,
        "fields": {
            "lock": ""
        }
    },
    {
        "model": "documenten.enkelvoudiginformatieobjectcanonical",
        "pk": 5,
        "fields": {
            "lock": ""
        }
    },
    {
        "model": "documenten.enkelvoudiginformatieobjectcanonical",
        "pk": 6,
        "fields": {
            "lock": ""
        }
    },
    {
        "model": "documenten.enkelvoudiginformatieobjectcanonical",
        "pk": 7,
        "fields": {
            "lock": ""
        }
    },
    {
        "model": "documenten.enkelvoudiginformatieobjectcanonical",
        "pk": 8,
        "fields": {
            "lock": ""
        }
    },
    {
        "model": "documenten.enkelvoudiginformatieobjectcanonical",
        "pk": 9,
        "fields": {
            "lock": ""
        }
    },
    {
        "model": "documenten.enkelvoudiginformatieobjectcanonical",
        "pk": 10,
        "fields": {
            "lock": ""
        }
    },
    {
        "model": "documenten.enkelvoudiginformatieobject",
        "pk": 1,
        "fields": {
            "identificatie": "document-0",
            "bronorganisatie": "287510347",
            "creatiedatum": "2018-06-27",
            "titel": "some titel",
            "vertrouwelijkheidaanduiding": "openbaar",
            "auteur": "some auteur",
            "status": "",
            "beschrijving": "",
            "ontvangstdatum": null,
            "verzenddatum": null,
            "indicatie_gebruiksrecht": null,
            "ondertekening_soort": "",
            "ondertekening_datum": null,
            "_informatieobjecttype": 1,
            "canonical": 1,
            "uuid": "ca9c986f-c5d1-47b7-907a-c0d0a12a7be9",
            "formaat": "some formaat",
            "taal": "nld",
            "bestandsnaam": "",
            "bestandsomvang": 9,
            "inhoud": "uploads/2024/07/file.bin",
            "link": "",
            "integriteit_algoritme": "",
            "integriteit_waarde": "",
            "integriteit_datum": null,
            "versie": 1,
            "begin_registratie": "2024-07-09T08:24:41.624Z",
            "verschijningsvorm": "",
            "trefwoorden": "[]"
        }
    },
    {
        "model": "documenten.enkelvoudiginformatieobject",
        "pk": 2,
        "fields": {
            "identificatie": "document-1",
            "bronorganisatie": "368712059",
            "creatiedatum": "2018-06-27",
            "titel": "some titel",
            "vertrouwelijkheidaanduiding": "openbaar",
            "auteur": "some auteur",
            "status": "",
            "beschrijving": "",
            "ontvangstdatum": null,
            "verzenddatum": null,
            "indicatie_gebruiksrecht": null,
            "ondertekening_soort": "",
            "ondertekening_datum": null,
            "_informatieobjecttype": 1,
            "canonical": 2,
            "uuid": "e3ed6b86-b226-4dc0-bfd7-3858646083fc",
            "formaat": "some formaat",
            "taal": "nld",
            "bestandsnaam": "",
            "bestandsomvang": 9,
            "inhoud": "uploads/2024/07/file_QaYarsY.bin",
            "link": "",
            "integriteit_algoritme": "",
            "integriteit_waarde": "",
            "integriteit_datum": null,
            "versie": 1,
            "begin_registratie": "2024-07-09T08:24:41.625Z",
            "verschijningsvorm": "",
            "trefwoorden": "[]"
        }
    },
    {
        "model": "documenten.enkelvoudiginformatieobject",
        "pk": 3,
        "fields": {
            "identificatie": "document-2",
            "bronorganisatie": "017684353",
            "creatiedatum": "2018-06-27",
            "titel": "some titel",
            "vertrouwelijkheidaanduiding": "openbaar",
            "auteur": "some auteur",
            "status": "",
            "beschrijving": "",
            "ontvangstdatum": null,
            "verzenddatum": null,
            "indicatie_gebruiksrecht": null,
            "ondertekening_soort": "",
            "ondertekening_datum": null,
            "_informatieobjecttype": 1,
            "canonical": 3,
            "uuid": "dc2dc1b3-1a40-4647-9943-a6ccc1ace4e6",
            "formaat": "some formaat",
            "taal": "nld",
            "bestandsnaam": "",
            "bestandsomvang": 9,
            "inhoud": "uploads/2024/07/file_6Ibhzt9.bin",
            "link": "",
            "integriteit_algoritme": "",
            "integriteit_waarde": "",
            "integriteit_datum": null,
            "versie": 1,
            "begin_registratie": "2024-07-09T08:24:41.626Z",
            "verschijningsvorm": "",
            "trefwoorden": "[]"
        }
    },
    {
        "model": "documenten.enkelvoudiginformatieobject",
        "pk": 4,
        "fields": {
            "identificatie": "document-3",
            "bronorganisatie": "410256833",
            "creatiedatum": "2018-06-27",
            "titel": "some titel",
            "vertrouwelijkheidaanduiding": "openbaar",
            "auteur": "some auteur",
            "status": "",
            "beschrijving": "",
            "ontvangstdatum": null,
            "verzenddatum": null,
            "indicatie_gebruiksrecht": null,
            "ondertekening_soort": "",
            "ondertekening_datum": null,
            "_informatieobjecttype": 2,
            "canonical": 4,
            "uuid": "dcfd8480-0502-475f-8f4c-9fb9ec663c59",
            "formaat": "some formaat",
            "taal": "nld",
            "bestandsnaam": "",
            "bestandsomvang": 9,
            "inhoud": "uploads/2024/07/file_DFDFM0T.bin",
            "link": "",
            "integriteit_algoritme": "",
            "integriteit_waarde": "",
            "integriteit_datum": null,
            "versie": 1,
            "begin_registratie": "2024-07-09T08:24:41.626Z",
            "verschijningsvorm": "",
            "trefwoorden": "[]"
        }
    },
    {
        "model": "documenten.enkelvoudiginformatieobject",
        "pk": 5,
        "fields": {
            "identificatie": "document-4",
            "bronorganisatie": "754069321",
            "creatiedatum": "2018-06-27",
            "titel": "some titel",
            "vertrouwelijkheidaanduiding": "openbaar",
            "auteur": "some auteur",
            "status": "",
            "beschrijving": "",
            "ontvangstdatum": null,
            "verzenddatum": null,
            "indicatie_gebruiksrecht": null,
            "ondertekening_soort": "",
            "ondertekening_datum": null,
            "_informatieobjecttype": 2,
            "canonical": 5,
            "uuid": "20123f06-843f-4d7a-aee2-970ab1fe4d57",
            "formaat": "some formaat",
            "taal": "nld",
            "bestandsnaam": "",
            "bestandsomvang": 9,
            "inhoud": "uploads/2024/07/file_CvUwj33.bin",
            "link": "",
            "integriteit_algoritme": "",
            "integriteit_waarde": "",
            "integriteit_datum": null,
            "versie": 1,
            "begin_registratie": "2024-07-09T08:24:41.627Z",
            "verschijningsvorm": "",
            "trefwoorden": "[]"
        }
    },
    {
        "model": "documenten.enkelvoudiginformatieobject",
        "pk": 6,
        "fields": {
            "identificatie": "document-5",
            "bronorganisatie": "961382041",
            "creatiedatum": "2018-06-27",
            "titel": "some titel",
            "vertrouwelijkheidaanduiding": "openbaar",
            "auteur": "some auteur",
            "status": "",
            "beschrijving": "",
            "ontvangstdatum": null,
            "verzenddatum": null,
            "indicatie_gebruiksrecht": null,
            "ondertekening_soort": "",
            "ondertekening_datum": null,
            "_informatieobjecttype": 2,
            "canonical": 6,
            "uuid": "826ea7e4-df22-43a3-8185-1fc7317ecf83",
            "formaat": "some formaat",
            "taal": "nld",
            "bestandsnaam": "",
            "bestandsomvang": 9,
            "inhoud": "uploads/2024/07/file_hzihoDv.bin",
            "link": "",
            "integriteit_algoritme": "",
            "integriteit_waarde": "",
            "integriteit_datum": null,
            "versie": 1,
            "begin_registratie": "2024-07-09T08:24:41.628Z",
            "verschijningsvorm": "",
            "trefwoorden": "[]"
        }
    },
    {
        "model": "documenten.enkelvoudiginformatieobject",
        "pk": 7,
        "fields": {
            "identificatie": "document-6",
            "bronorganisatie": "298134652",
            "creatiedatum": "2018-06-27",
            "titel": "some titel",
            "vertrouwelijkheidaanduiding": "openbaar",
            "auteur": "some auteur",
            "status": "",
            "beschrijving": "",
            "ontvangstdatum": null,
            "verzenddatum": null,
            "indicatie_gebruiksrecht": null,
            "ondertekening_soort": "",
            "ondertekening_datum": null,
            "_informatieobjecttype": 3,
            "canonical": 7,
            "uuid": "21d02df0-05bc-4a49-9609-0c714fa88502",
            "formaat": "some formaat",
            "taal": "nld",
            "bestandsnaam": "",
            "bestandsomvang": 9,
            "inhoud": "uploads/2024/07/file_UfnVgbz.bin",
            "link": "",
            "integriteit_algoritme": "",
            "integriteit_waarde": "",
            "integriteit_datum": null,
            "versie": 1,
            "begin_registratie": "2024-07-09T08:24:41.628Z",
            "verschijningsvorm": "",
            "trefwoorden": "[]"
        }
    },
    {
        "model": "documenten.enkelvoudiginformatieobject",
        "pk": 8,
        "fields": {
            "identificatie": "document-7",
            "bronorganisatie": "423570961",
            "creatiedatum": "2018-06-27",
            "titel": "some titel",
            "vertrouwelijkheidaanduiding": "openbaar",
            "auteur": "some auteur",
            "status": "",
            "beschrijving": "",
            "ontvangstdatum": null,
            "verzenddatum": null,
            "indicatie_gebruiksrecht": null,
            "ondertekening_soort": "",
            "ondertekening_datum": null,
            "_informatieobjecttype": 3,
            "canonical": 8,
            "uuid": "9fc20d97-8ee1-4578-8ca6-859a03fa320e",
            "formaat": "some formaat",
            "taal": "nld",
            "bestandsnaam": "",
            "bestandsomvang": 9,
            "inhoud": "uploads/2024/07/file_UMeCa5t.bin",
            "link": "",
            "integriteit_algoritme": "",
            "integriteit_waarde": "",
            "integriteit_datum": null,
            "versie": 1,
            "begin_registratie": "2024-07-09T08:24:41.629Z",
            "verschijningsvorm": "",
            "trefwoorden": "[]"
        }
    },
    {
        "model": "documenten.enkelvoudiginformatieobject",
        "pk": 9,
        "fields": {
            "identificatie": "document-8",
            "bronorganisatie": "920857346",
            "creatiedatum": "2018-06-27",
            "titel": "some titel",
            "vertrouwelijkheidaanduiding": "openbaar",
            "auteur": "some auteur",
            "status": "",
            "beschrijving": "",
            "ontvangstdatum": null,
            "verzenddatum": null,
            "indicatie_gebruiksrecht": null,
            "ondertekening_soort": "",
            "ondertekening_datum": null,
            "_informatieobjecttype": 3,
            "canonical": 9,
            "uuid": "0a6e98cf-b5f5-4f5a-9a5d-559141efdf60",
            "formaat": "some formaat",
            "taal": "nld",
            "bestandsnaam": "",
            "bestandsomvang": 9,
            "inhoud": "uploads/2024/07/file_5Y3B25T.bin",
            "link": "",
            "integriteit_algoritme": "",
            "integriteit_waarde": "",
            "integriteit_datum": null,
            "versie": 1,
            "begin_registratie": "2024-07-09T08:24:41.629Z",
            "verschijningsvorm": "",
            "trefwoorden": "[]"
        }
    },
    {
        "model": "documenten.objectinformatieobject",
        "pk": 1,
        "fields": {
            "uuid": "f31cb9c8-1af2-4510-8fe2-764c3a864922",
            "informatieobject": 1,
            "object_type": "zaak",
            "_object_base_url": null,
            "_object_relative_url": null,
            "_object_url": null,
            "_zaak": 1,
            "_besluit": null,
            "besluit": null
        }
    },
    {
        "model": "documenten.objectinformatieobject",
        "pk": 2,
        "fields": {
            "uuid": "ebd04bb6-2e70-4ef1-946d-d1c86df9a7c5",
            "informatieobject": 2,
            "object_type": "zaak",
            "_object_base_url": null,
            "_object_relative_url": null,
            "_object_url": null,
            "_zaak": 2,
            "_besluit": null,
            "besluit": null
        }
    },
    {
        "model": "documenten.objectinformatieobject",
        "pk": 3,
        "fields": {
            "uuid": "9263a0b4-052b-4989-831b-3849e114bda2",
            "informatieobject": 3,
            "object_type": "zaak",
            "_object_base_url": null,
            "_object_relative_url": null,
            "_object_url": null,
            "_zaak": 3,
            "_besluit": null,
            "besluit": null
        }
    },
    {
        "model": "documenten.objectinformatieobject",
        "pk": 4,
        "fields": {
            "uuid": "a8f5a606-e303-4286-bdc0-2a9b66ea49be",
            "informatieobject": 4,
            "object_type": "zaak",
            "_object_base_url": null,
            "_object_relative_url": null,
            "_object_url": null,
            "_zaak": 4,
            "_besluit": null,
            "besluit": null
        }
    },
    {
        "model": "documenten.objectinformatieobject",
        "pk": 5,
        "fields": {
            "uuid": "c98874f6-e688-4f5c-aeb4-80199dd4b4f9",
            "informatieobject": 5,
            "object_type": "zaak",
            "_object_base_url": null,
            "_object_relative_url": null,
            "_object_url": null,
            "_zaak": 5,
            "_besluit": null,
            "besluit": null
        }
    },
    {
        "model": "documenten.objectinformatieobject",
        "pk": 6,
        "fields": {
            "uuid": "7a5606f8-1942-4126-b73a-1544aaee9f50",
            "informatieobject": 6,
            "object_type": "zaak",
            "_object_base_url": null,
            "_object_relative_url": null,
            "_object_url": null,
            "_zaak": 6,
            "_besluit": null,
            "besluit": null
        }
    },
    {
        "model": "documenten.objectinformatieobject",
        "pk": 7,
        "fields": {
            "uuid": "70a080c2-57ba-41ad-a971-9360c4a4f0e7",
            "informatieobject": 7,
            "object_type": "zaak",
            "_object_base_url": null,
            "_object_relative_url": null,
            "_object_url": null,
            "_zaak": 7,
            "_besluit": null,
            "besluit": null
        }
    },
    {
        "model": "documenten.objectinformatieobject",
        "pk": 8,
        "fields": {
            "uuid": "a32b5db8-7cab-4424-b87e-445c3729484b",
            "informatieobject": 8,
            "object_type": "zaak",
            "_object_base_url": null,
            "_object_relative_url": null,
            "_object_url": null,
            "_zaak": 8,
            "_besluit": null,
            "besluit": null
        }
    },
    {
        "model": "documenten.objectinformatieobject",
        "pk": 9,
        "fields": {
            "uuid": "1c5db3ab-baa9-4c46-847e-34424466d50b",
            "informatieobject": 9,
            "object_type": "zaak",
            "_object_base_url": null,
            "_object_relative_url": null,
            "_object_url": null,
            "_zaak": 9,
            "_besluit": null,
            "besluit": null
        }
    },
    {
        "model": "documenten.objectinformatieobject",
        "pk": 10,
        "fields": {
            "uuid": "02b3d987-8e87-4b44-9cf7-147c99b9402a",
            "informatieobject": 1,
            "object_type": "besluit",
            "_object_base_url": null,
            "_object_relative_url": null,
            "_object_url": null,
            "_zaak": null,
            "zaak": null,
            "_besluit": 1
        }
    },
    {
        "model": "documenten.objectinformatieobject",
        "pk": 11,
        "fields": {
            "uuid": "92ba9e9b-c9ef-4613-acae-719db03e1c0b",
            "informatieobject": 2,
            "object_type": "besluit",
            "_object_base_url": null,
            "_object_relative_url": null,
            "_object_url": null,
            "_zaak": null,
            "zaak": null,
            "_besluit": 2
        }
    },
    {
        "model": "documenten.objectinformatieobject",
        "pk": 12,
        "fields": {
            "uuid": "b28781e5-83d7-4224-866d-906a1b0e0e4d",
            "informatieobject": 3,
            "object_type": "besluit",
            "_object_base_url": null,
            "_object_relative_url": null,
            "_object_url": null,
            "_zaak": null,
            "zaak": null,
            "_besluit": 3
        }
    },
    {
        "model": "documenten.objectinformatieobject",
        "pk": 13,
        "fields": {
            "uuid": "11f4b8eb-043d-4da7-9806-3c769f403a6e",
            "informatieobject": 4,
            "object_type": "besluit",
            "_object_base_url": null,
            "_object_relative_url": null,
            "_object_url": null,
            "_zaak": null,
            "zaak": null,
            "_besluit": 4
        }
    },
    {
        "model": "documenten.objectinformatieobject",
        "pk": 14,
        "fields": {
            "uuid": "ba4ac0d6-f21f-4592-9e03-b65475030ae0",
            "informatieobject": 5,
            "object_type": "besluit",
            "_object_base_url": null,
            "_object_relative_url": null,
            "_object_url": null,
            "_zaak": null,
            "zaak": null,
            "_besluit": 5
        }
    },
    {
        "model": "documenten.objectinformatieobject",
        "pk": 15,
        "fields": {
            "uuid": "79294929-ac19-48f4-8154-3f7aa25e6ffe",
            "informatieobject": 6,
            "object_type": "besluit",
            "_object_base_url": null,
            "_object_relative_url": null,
            "_object_url": null,
            "_zaak": null,
            "zaak": null,
            "_besluit": 6
        }
    },
    {
        "model": "documenten.objectinformatieobject",
        "pk": 16,
        "fields": {
            "uuid": "972cdb60-faf6-448f-a353-2689be544ef9",
            "informatieobject": 7,
            "object_type": "besluit",
            "_object_base_url": null,
            "_object_relative_url": null,
            "_object_url": null,
            "_zaak": null,
            "zaak": null,
            "_besluit": 7
        }
    },
    {
        "model": "documenten.objectinformatieobject",
        "pk": 17,
        "fields": {
            "uuid": "2edfa88a-cea9-491c-8e87-e20ec8a762ae",
            "informatieobject": 8,
            "object_type": "besluit",
            "_object_base_url": null,
            "_object_relative_url": null,
            "_object_url": null,
            "_zaak": null,
            "zaak": null,
            "_besluit": 8
        }
    },
    {
        "model": "documenten.objectinformatieobject",
        "pk": 18,
        "fields": {
            "uuid": "f9539a43-ba38-44bc-8268-4c28c71b9ae8",
            "informatieobject": 9,
            "object_type": "besluit",
            "_object_base_url": null,
            "_object_relative_url": null,
            "_object_url": null,
            "_zaak": null,
            "zaak": null,
            "_besluit": 9
        }
    },
    {
        "model": "catalogi.besluittype",
        "pk": 1,
        "fields": {
            "_etag": "d357ece976991f096a58a7ad92fa802d",
            "datum_begin_geldigheid": "2018-01-01",
            "datum_einde_geldigheid": null,
            "concept": false,
            "uuid": "59e0ad36-e3e8-490e-a043-22d2538dc4d5",
            "omschrijving": "Besluittype 0",
            "omschrijving_generiek": "",
            "besluitcategorie": "",
            "reactietermijn": "P14D",
            "publicatie_indicatie": false,
            "publicatietekst": "",
            "publicatietermijn": null,
            "toelichting": "",
            "catalogus": 1,
            "informatieobjecttypen": [
                1
            ],
            "zaaktypen": [
                1
            ]
        }
    },
    {
        "model": "catalogi.besluittype",
        "pk": 2,
        "fields": {
            "_etag": "4608113e25f1b3a99bd927b3118fbf75",
            "datum_begin_geldigheid": "2018-01-01",
            "datum_einde_geldigheid": null,
            "concept": false,
            "uuid": "891b4f09-a460-46a6-865b-33fc41d95f4c",
            "omschrijving": "Besluittype 1",
            "omschrijving_generiek": "",
            "besluitcategorie": "",
            "reactietermijn": "P14D",
            "publicatie_indicatie": false,
            "publicatietekst": "",
            "publicatietermijn": null,
            "toelichting": "",
            "catalogus": 1,
            "informatieobjecttypen": [
                2
            ],
            "zaaktypen": [
                2
            ]
        }
    },
    {
        "model": "catalogi.besluittype",
        "pk": 3,
        "fields": {
            "_etag": "f6b54fd4c5c50ea0c7fd4cf20907484c",
            "datum_begin_geldigheid": "2018-01-01",
            "datum_einde_geldigheid": null,
            "concept": false,
            "uuid": "003bf211-fa42-486b-add0-851e991b41ec",
            "omschrijving": "Besluittype 2",
            "omschrijving_generiek": "",
            "besluitcategorie": "",
            "reactietermijn": "P14D",
            "publicatie_indicatie": false,
            "publicatietekst": "",
            "publicatietermijn": null,
            "toelichting": "",
            "catalogus": 1,
            "informatieobjecttypen": [
                3
            ],
            "zaaktypen": [
                3
            ]
        }
    },
    {
        "model": "catalogi.catalogus",
        "pk": 1,
        "fields": {
            "_etag": "24c37a6df803499d65149e73a711209b",
            "naam": "performance test",
            "uuid": "ba78bd8c-4490-4bbd-835c-f528ee471df8",
            "domein": "AAAAA",
            "rsin": "100000000",
            "contactpersoon_beheer_naam": "Contact persoon beheer 0",
            "contactpersoon_beheer_telefoonnummer": "0612345678",
            "contactpersoon_beheer_emailadres": "contact_0@example.com",
            "versie": "",
            "begindatum_versie": null
        }
    },
    {
        "model": "catalogi.eigenschapspecificatie",
        "pk": 1,
        "fields": {
            "groep": "groep",
            "formaat": "tekst",
            "lengte": "20",
            "kardinaliteit": "1",
            "waardenverzameling": "[]"
        }
    },
    {
        "model": "catalogi.eigenschapspecificatie",
        "pk": 2,
        "fields": {
            "groep": "groep",
            "formaat": "tekst",
            "lengte": "20",
            "kardinaliteit": "1",
            "waardenverzameling": "[]"
        }
    },
    {
        "model": "catalogi.eigenschapspecificatie",
        "pk": 3,
        "fields": {
            "groep": "groep",
            "formaat": "tekst",
            "lengte": "20",
            "kardinaliteit": "1",
            "waardenverzameling": "[]"
        }
    },
    {
        "model": "catalogi.eigenschap",
        "pk": 1,
        "fields": {
            "_etag": "ffcf9f990442f797d990e0b684b2e9ee",
            "datum_begin_geldigheid": null,
            "datum_einde_geldigheid": null,
            "uuid": "bb205612-4a60-41f0-b882-9adb06778c56",
            "eigenschapnaam": "eigenschap 0",
            "definitie": "",
            "specificatie_van_eigenschap": 1,
            "toelichting": "",
            "zaaktype": 1,
            "statustype": null
        }
    },
    {
        "model": "catalogi.eigenschap",
        "pk": 2,
        "fields": {
            "_etag": "f8175b3ed9af97cf2365334345ad1b1e",
            "datum_begin_geldigheid": null,
            "datum_einde_geldigheid": null,
            "uuid": "9fe48106-e2d7-490f-ae96-2ce8f5a283ef",
            "eigenschapnaam": "eigenschap 1",
            "definitie": "",
            "specificatie_van_eigenschap": 2,
            "toelichting": "",
            "zaaktype": 2,
            "statustype": null
        }
    },
    {
        "model": "catalogi.eigenschap",
        "pk": 3,
        "fields": {
            "_etag": "7e2bf9eae828af9a073ababce49f85bf",
            "datum_begin_geldigheid": null,
            "datum_einde_geldigheid": null,
            "uuid": "72c17fd1-c919-4104-9ca3-bbb0e9156620",
            "eigenschapnaam": "eigenschap 2",
            "definitie": "",
            "specificatie_van_eigenschap": 3,
            "toelichting": "",
            "zaaktype": 3,
            "statustype": null
        }
    },
    {
        "model": "catalogi.informatieobjecttype",
        "pk": 1,
        "fields": {
            "_etag": "bd20a608c95e187adaa6edf5d98a4600",
            "datum_begin_geldigheid": "2018-01-01",
            "datum_einde_geldigheid": null,
            "concept": false,
            "uuid": "ceafc0c8-c42d-46f2-8bb9-a3e2d6e0495a",
            "omschrijving": "Informatie object type 0",
            "informatieobjectcategorie": "south",
            "trefwoord": "[]",
            "vertrouwelijkheidaanduiding": "openbaar",
            "omschrijving_generiek_informatieobjecttype": "bit",
            "omschrijving_generiek_definitie": "Star Republican heart camera help whatever media give. Dog not artist hold. Too charge operation stage fill education thousand.",
            "omschrijving_generiek_herkomst": "gUsdRBJcjdaF",
            "omschrijving_generiek_hierarchie": "true",
            "omschrijving_generiek_opmerking": "",
            "catalogus": 1
        }
    },
    {
        "model": "catalogi.informatieobjecttype",
        "pk": 2,
        "fields": {
            "_etag": "3515cc43af7066e7e1ffcb4d22d177a7",
            "datum_begin_geldigheid": "2018-01-01",
            "datum_einde_geldigheid": null,
            "concept": false,
            "uuid": "05be3a54-d5a3-4c14-9796-7dd92c7b3e9d",
            "omschrijving": "Informatie object type 1",
            "informatieobjectcategorie": "wait",
            "trefwoord": "[]",
            "vertrouwelijkheidaanduiding": "openbaar",
            "omschrijving_generiek_informatieobjecttype": "claim",
            "omschrijving_generiek_definitie": "Beyond PM Democrat various. Table significant term adult key.\nAnalysis per sound operation would. Home election detail common behavior individual. Concern direction interview away but.",
            "omschrijving_generiek_herkomst": "wcaKltAOXlyx",
            "omschrijving_generiek_hierarchie": "likely",
            "omschrijving_generiek_opmerking": "",
            "catalogus": 1
        }
    },
    {
        "model": "catalogi.informatieobjecttype",
        "pk": 3,
        "fields": {
            "_etag": "c8b6de4bb183b4376f6adb2d372cb831",
            "datum_begin_geldigheid": "2018-01-01",
            "datum_einde_geldigheid": null,
            "concept": false,
            "uuid": "be99a65c-69e3-44a2-a165-d81015a93b97",
            "omschrijving": "Informatie object type 2",
            "informatieobjectcategorie": "who",
            "trefwoord": "[]",
            "vertrouwelijkheidaanduiding": "openbaar",
            "omschrijving_generiek_informatieobjecttype": "international",
            "omschrijving_generiek_definitie": "Ago require sit fine beyond animal network. Story sign long reflect.",
            "omschrijving_generiek_herkomst": "yryJNpiAcPcQ",
            "omschrijving_generiek_hierarchie": "though",
            "omschrijving_generiek_opmerking": "",
            "catalogus": 1
        }
    },
    {
        "model": "catalogi.zaaktypeinformatieobjecttype",
        "pk": 1,
        "fields": {
            "_etag": "273ab976168afaa3848ee6e4aeb5c0ee",
            "uuid": "66d696e8-a5e8-4bca-8f7b-2d4190809794",
            "zaaktype": 1,
            "informatieobjecttype": 1,
            "volgnummer": 4,
            "richting": "inkomend",
            "statustype": null
        }
    },
    {
        "model": "catalogi.zaaktypeinformatieobjecttype",
        "pk": 2,
        "fields": {
            "_etag": "3378bee89804ca7c6ae4083d24bcb206",
            "uuid": "aa962018-ad0b-43a7-a0f7-ac375130079c",
            "zaaktype": 2,
            "informatieobjecttype": 2,
            "volgnummer": 5,
            "richting": "inkomend",
            "statustype": null
        }
    },
    {
        "model": "catalogi.zaaktypeinformatieobjecttype",
        "pk": 3,
        "fields": {
            "_etag": "c9727e4c1e156c17b92b549a81c4a45d",
            "uuid": "cd31c426-8fae-40ea-b7b6-1aef978dc51d",
            "zaaktype": 3,
            "informatieobjecttype": 3,
            "volgnummer": 6,
            "richting": "inkomend",
            "statustype": null
        }
    },
    {
        "model": "catalogi.resultaattype",
        "pk": 1,
        "fields": {
            "_etag": "7b373e1131905476a1b3448663affe32",
            "datum_begin_geldigheid": null,
            "datum_einde_geldigheid": null,
            "uuid": "e22918b8-808a-476f-a1f7-35d2088d2307",
            "zaaktype": 1,
            "omschrijving": "resultaattype 0",
            "resultaattypeomschrijving": "",
            "omschrijving_generiek": "budget",
            "selectielijstklasse": "https://www.wood.com/",
            "archiefnominatie": "blijvend_bewaren",
            "archiefactietermijn": "P10Y",
            "brondatum_archiefprocedure_afleidingswijze": "",
            "brondatum_archiefprocedure_datumkenmerk": "",
            "brondatum_archiefprocedure_einddatum_bekend": false,
            "brondatum_archiefprocedure_objecttype": "",
            "brondatum_archiefprocedure_registratie": "",
            "brondatum_archiefprocedure_procestermijn": null,
            "toelichting": "",
            "procesobjectaard": "",
            "indicatie_specifiek": null,
            "procestermijn": null,
            "informatieobjecttypen": [],
            "besluittypen": [],
            "zaakobjecttypen": []
        }
    },
    {
        "model": "catalogi.resultaattype",
        "pk": 2,
        "fields": {
            "_etag": "6f8fb3b05b787652ec3a79651691d599",
            "datum_begin_geldigheid": null,
            "datum_einde_geldigheid": null,
            "uuid": "66617342-22e5-409e-b8bd-beab8fdf945a",
            "zaaktype": 1,
            "omschrijving": "resultaattype 1",
            "resultaattypeomschrijving": "",
            "omschrijving_generiek": "environmental",
            "selectielijstklasse": "http://www.juarez.com/",
            "archiefnominatie": "blijvend_bewaren",
            "archiefactietermijn": "P10Y",
            "brondatum_archiefprocedure_afleidingswijze": "",
            "brondatum_archiefprocedure_datumkenmerk": "",
            "brondatum_archiefprocedure_einddatum_bekend": false,
            "brondatum_archiefprocedure_objecttype": "",
            "brondatum_archiefprocedure_registratie": "",
            "brondatum_archiefprocedure_procestermijn": null,
            "toelichting": "",
            "procesobjectaard": "",
            "indicatie_specifiek": null,
            "procestermijn": null,
            "informatieobjecttypen": [],
            "besluittypen": [],
            "zaakobjecttypen": []
        }
    },
    {
        "model": "catalogi.resultaattype",
        "pk": 3,
        "fields": {
            "_etag": "27068514159682d9a3b2eceb156e0c1e",
            "datum_begin_geldigheid": null,
            "datum_einde_geldigheid": null,
            "uuid": "2da3df01-dd1b-47b3-a709-926893e536c5",
            "zaaktype": 2,
            "omschrijving": "resultaattype 2",
            "resultaattypeomschrijving": "",
            "omschrijving_generiek": "someone",
            "selectielijstklasse": "http://short-taylor.com/",
            "archiefnominatie": "blijvend_bewaren",
            "archiefactietermijn": "P10Y",
            "brondatum_archiefprocedure_afleidingswijze": "",
            "brondatum_archiefprocedure_datumkenmerk": "",
            "brondatum_archiefprocedure_einddatum_bekend": false,
            "brondatum_archiefprocedure_objecttype": "",
            "brondatum_archiefprocedure_registratie": "",
            "brondatum_archiefprocedure_procestermijn": null,
            "toelichting": "",
            "procesobjectaard": "",
            "indicatie_specifiek": null,
            "procestermijn": null,
            "informatieobjecttypen": [],
            "besluittypen": [],
            "zaakobjecttypen": []
        }
    },
    {
        "model": "catalogi.resultaattype",
        "pk": 4,
        "fields": {
            "_etag": "866632677083ae757e2d0b2e36574e13",
            "datum_begin_geldigheid": null,
            "datum_einde_geldigheid": null,
            "uuid": "63082a98-0824-4f2a-9946-5fe7df39485b",
            "zaaktype": 2,
            "omschrijving": "resultaattype 3",
            "resultaattypeomschrijving": "",
            "omschrijving_generiek": "return",
            "selectielijstklasse": "http://fox.com/",
            "archiefnominatie": "vernietigen",
            "archiefactietermijn": "P10Y",
            "brondatum_archiefprocedure_afleidingswijze": "",
            "brondatum_archiefprocedure_datumkenmerk": "",
            "brondatum_archiefprocedure_einddatum_bekend": false,
            "brondatum_archiefprocedure_objecttype": "",
            "brondatum_archiefprocedure_registratie": "",
            "brondatum_archiefprocedure_procestermijn": null,
            "toelichting": "",
            "procesobjectaard": "",
            "indicatie_specifiek": null,
            "procestermijn": null,
            "informatieobjecttypen": [],
            "besluittypen": [],
            "zaakobjecttypen": []
        }
    },
    {
        "model": "catalogi.resultaattype",
        "pk": 5,
        "fields": {
            "_etag": "7e0121e918bc2de2e0b7d000a5542798",
            "datum_begin_geldigheid": null,
            "datum_einde_geldigheid": null,
            "uuid": "213b5ade-3e13-408d-813e-3438bee1a85b",
            "zaaktype": 3,
            "omschrijving": "resultaattype 4",
            "resultaattypeomschrijving": "",
            "omschrijving_generiek": "become",
            "selectielijstklasse": "https://perkins.biz/",
            "archiefnominatie": "blijvend_bewaren",
            "archiefactietermijn": "P10Y",
            "brondatum_archiefprocedure_afleidingswijze": "",
            "brondatum_archiefprocedure_datumkenmerk": "",
            "brondatum_archiefprocedure_einddatum_bekend": false,
            "brondatum_archiefprocedure_objecttype": "",
            "brondatum_archiefprocedure_registratie": "",
            "brondatum_archiefprocedure_procestermijn": null,
            "toelichting": "",
            "procesobjectaard": "",
            "indicatie_specifiek": null,
            "procestermijn": null,
            "informatieobjecttypen": [],
            "besluittypen": [],
            "zaakobjecttypen": []
        }
    },
    {
        "model": "catalogi.resultaattype",
        "pk": 6,
        "fields": {
            "_etag": "4ee8c60fa20fbc0bd1ec0d8abceb40a6",
            "datum_begin_geldigheid": null,
            "datum_einde_geldigheid": null,
            "uuid": "8fa37b8f-a032-468c-866e-03f98e1844ec",
            "zaaktype": 3,
            "omschrijving": "resultaattype 5",
            "resultaattypeomschrijving": "",
            "omschrijving_generiek": "join",
            "selectielijstklasse": "https://www.camacho.com/",
            "archiefnominatie": "blijvend_bewaren",
            "archiefactietermijn": "P10Y",
            "brondatum_archiefprocedure_afleidingswijze": "",
            "brondatum_archiefprocedure_datumkenmerk": "",
            "brondatum_archiefprocedure_einddatum_bekend": false,
            "brondatum_archiefprocedure_objecttype": "",
            "brondatum_archiefprocedure_registratie": "",
            "brondatum_archiefprocedure_procestermijn": null,
            "toelichting": "",
            "procesobjectaard": "",
            "indicatie_specifiek": null,
            "procestermijn": null,
            "informatieobjecttypen": [],
            "besluittypen": [],
            "zaakobjecttypen": []
        }
    },
    {
        "model": "catalogi.roltype",
        "pk": 1,
        "fields": {
            "_etag": "4246cb7c417dd0c11b8465dcd341f35f",
            "datum_begin_geldigheid": null,
            "datum_einde_geldigheid": null,
            "uuid": "05b49f2e-7d5b-4c5d-9112-593167bcc84e",
            "omschrijving": "Pay then amount.",
            "omschrijving_generiek": "zaakcoordinator",
            "zaaktype": 1
        }
    },
    {
        "model": "catalogi.roltype",
        "pk": 2,
        "fields": {
            "_etag": "35afbb50577dec5f93a45c94c16266ac",
            "datum_begin_geldigheid": null,
            "datum_einde_geldigheid": null,
            "uuid": "835375aa-ec88-46d1-bd26-7d39567196f1",
            "omschrijving": "Property.",
            "omschrijving_generiek": "klantcontacter",
            "zaaktype": 2
        }
    },
    {
        "model": "catalogi.roltype",
        "pk": 3,
        "fields": {
            "_etag": "3bb4e66c3803e9c5a66ff2336cb6e359",
            "datum_begin_geldigheid": null,
            "datum_einde_geldigheid": null,
            "uuid": "e1acc4c7-906c-4920-ba7e-46633320e447",
            "omschrijving": "Miss upon leader.",
            "omschrijving_generiek": "zaakcoordinator",
            "zaaktype": 3
        }
    },
    {
        "model": "catalogi.statustype",
        "pk": 1,
        "fields": {
            "_etag": "880f34912622f64a4dc6518fb3c23c66",
            "datum_begin_geldigheid": null,
            "datum_einde_geldigheid": null,
            "uuid": "1b105bb6-e3fe-4c1d-bfdf-3ac02415448e",
            "zaaktype": 1,
            "statustype_omschrijving": "",
            "statustype_omschrijving_generiek": "",
            "statustypevolgnummer": 1,
            "doorlooptijd": null,
            "informeren": false,
            "statustekst": "",
            "toelichting": null
        }
    },
    {
        "model": "catalogi.statustype",
        "pk": 2,
        "fields": {
            "_etag": "fda26d3392ca561398605cdbbf214b64",
            "datum_begin_geldigheid": null,
            "datum_einde_geldigheid": null,
            "uuid": "8e99a16a-a5f2-404a-b8d9-c7218b774512",
            "zaaktype": 1,
            "statustype_omschrijving": "",
            "statustype_omschrijving_generiek": "",
            "statustypevolgnummer": 2,
            "doorlooptijd": null,
            "informeren": false,
            "statustekst": "",
            "toelichting": null
        }
    },
    {
        "model": "catalogi.statustype",
        "pk": 3,
        "fields": {
            "_etag": "b4a10aecabdc7267de51ba9609740d58",
            "datum_begin_geldigheid": null,
            "datum_einde_geldigheid": null,
            "uuid": "b54cac5a-17a8-4947-bf83-89807b0d2e51",
            "zaaktype": 1,
            "statustype_omschrijving": "",
            "statustype_omschrijving_generiek": "",
            "statustypevolgnummer": 3,
            "doorlooptijd": null,
            "informeren": false,
            "statustekst": "",
            "toelichting": null
        }
    },
    {
        "model": "catalogi.statustype",
        "pk": 4,
        "fields": {
            "_etag": "15c6dfd89e5c22db443b0225699c6f46",
            "datum_begin_geldigheid": null,
            "datum_einde_geldigheid": null,
            "uuid": "6494b17a-c2b9-4d30-893d-1b410bbe5f77",
            "zaaktype": 2,
            "statustype_omschrijving": "",
            "statustype_omschrijving_generiek": "",
            "statustypevolgnummer": 4,
            "doorlooptijd": null,
            "informeren": false,
            "statustekst": "",
            "toelichting": null
        }
    },
    {
        "model": "catalogi.statustype",
        "pk": 5,
        "fields": {
            "_etag": "daa22c816e96efd83b79951e4750c061",
            "datum_begin_geldigheid": null,
            "datum_einde_geldigheid": null,
            "uuid": "31d7edfb-f112-4e37-8313-989ba56107e7",
            "zaaktype": 2,
            "statustype_omschrijving": "",
            "statustype_omschrijving_generiek": "",
            "statustypevolgnummer": 5,
            "doorlooptijd": null,
            "informeren": false,
            "statustekst": "",
            "toelichting": null
        }
    },
    {
        "model": "catalogi.statustype",
        "pk": 6,
        "fields": {
            "_etag": "730e0573f365ec8361ebab82cc73c331",
            "datum_begin_geldigheid": null,
            "datum_einde_geldigheid": null,
            "uuid": "32316d52-841a-4d5b-b73a-a8f8df24c619",
            "zaaktype": 2,
            "statustype_omschrijving": "",
            "statustype_omschrijving_generiek": "",
            "statustypevolgnummer": 6,
            "doorlooptijd": null,
            "informeren": false,
            "statustekst": "",
            "toelichting": null
        }
    },
    {
        "model": "catalogi.statustype",
        "pk": 7,
        "fields": {
            "_etag": "798dcc4d80670afd58e4857d73562887",
            "datum_begin_geldigheid": null,
            "datum_einde_geldigheid": null,
            "uuid": "7007da68-5648-49c2-a208-8cbed65fab26",
            "zaaktype": 3,
            "statustype_omschrijving": "",
            "statustype_omschrijving_generiek": "",
            "statustypevolgnummer": 7,
            "doorlooptijd": null,
            "informeren": false,
            "statustekst": "",
            "toelichting": null
        }
    },
    {
        "model": "catalogi.statustype",
        "pk": 8,
        "fields": {
            "_etag": "7c991b2b4b1f618cbba18dcd7121eeb6",
            "datum_begin_geldigheid": null,
            "datum_einde_geldigheid": null,
            "uuid": "8b19ca4a-865e-4eed-9dd4-8e7371e00d89",
            "zaaktype": 3,
            "statustype_omschrijving": "",
            "statustype_omschrijving_generiek": "",
            "statustypevolgnummer": 8,
            "doorlooptijd": null,
            "informeren": false,
            "statustekst": "",
            "toelichting": null
        }
    },
    {
        "model": "catalogi.statustype",
        "pk": 9,
        "fields": {
            "_etag": "3b72d617721963e989941455034ace91",
            "datum_begin_geldigheid": null,
            "datum_einde_geldigheid": null,
            "uuid": "e5f40414-e96a-41b1-9f79-99acf1c3a94b",
            "zaaktype": 3,
            "statustype_omschrijving": "",
            "statustype_omschrijving_generiek": "",
            "statustypevolgnummer": 9,
            "doorlooptijd": null,
            "informeren": false,
            "statustekst": "",
            "toelichting": null
        }
    },
    {
        "model": "catalogi.zaaktype",
        "pk": 1,
        "fields": {
            "_etag": "86d496eb00e019510ff476c71b2f103f",
            "datum_begin_geldigheid": "2018-01-01",
            "datum_einde_geldigheid": null,
            "concept": false,
            "uuid": "1ba1d8c4-f6da-4cb3-9eb8-8dac2d62a633",
            "identificatie": "",
            "zaaktype_omschrijving": "engage collaborative solutions",
            "zaaktype_omschrijving_generiek": "",
            "vertrouwelijkheidaanduiding": "",
            "doel": "Party huge increase degree want fast. Hospital well prove his. Six here dog common reach exist property.",
            "aanleiding": "Beautiful close film show section instead. Husband white remember raise alone with.",
            "toelichting": "",
            "indicatie_intern_of_extern": "extern",
            "handeling_initiator": "aanvragen",
            "onderwerp": "Evenementvergunning",
            "handeling_behandelaar": "vaststellen",
            "doorlooptijd_behandeling": "P30D",
            "servicenorm_behandeling": null,
            "opschorting_en_aanhouding_mogelijk": true,
            "verlenging_mogelijk": false,
            "verlengingstermijn": null,
            "trefwoorden": "[]",
            "publicatie_indicatie": true,
            "publicatietekst": "",
            "verantwoordingsrelatie": "[]",
            "versiedatum": "2018-01-01",
            "verantwoordelijke": "100000000",
            "producten_of_diensten": "[\"https://example.com/product/123\"]",
            "selectielijst_procestype": "",
            "selectielijst_procestype_jaar": 2017,
            "referentieproces_naam": "ReferentieProces 0",
            "referentieproces_link": "",
            "broncatalogus_url": "",
            "broncatalogus_domein": "",
            "broncatalogus_rsin": "",
            "bronzaaktype_url": "",
            "bronzaaktype_identificatie": "",
            "bronzaaktype_omschrijving": "",
            "catalogus": 1,
            "deelzaaktypen": []
        }
    },
    {
        "model": "catalogi.zaaktype",
        "pk": 2,
        "fields": {
            "_etag": "4fca85824927418c94f6a3e27111b003",
            "datum_begin_geldigheid": "2018-01-01",
            "datum_einde_geldigheid": null,
            "concept": false,
            "uuid": "f3a81c4f-5721-45f0-95cb-7881b99362a0",
            "identificatie": "",
            "zaaktype_omschrijving": "deliver revolutionary synergies",
            "zaaktype_omschrijving_generiek": "",
            "vertrouwelijkheidaanduiding": "",
            "doel": "That cost trip meeting hair. Ahead eat draw strategy class answer.",
            "aanleiding": "Still subject clear role per. Somebody mean issue policy expect development.",
            "toelichting": "",
            "indicatie_intern_of_extern": "extern",
            "handeling_initiator": "indienen",
            "onderwerp": "Geboorte",
            "handeling_behandelaar": "behandelen",
            "doorlooptijd_behandeling": "P30D",
            "servicenorm_behandeling": null,
            "opschorting_en_aanhouding_mogelijk": true,
            "verlenging_mogelijk": true,
            "verlengingstermijn": "P30D",
            "trefwoorden": "[]",
            "publicatie_indicatie": false,
            "publicatietekst": "",
            "verantwoordingsrelatie": "[]",
            "versiedatum": "2018-01-01",
            "verantwoordelijke": "100000001",
            "producten_of_diensten": "[\"https://example.com/product/123\"]",
            "selectielijst_procestype": "",
            "selectielijst_procestype_jaar": 2017,
            "referentieproces_naam": "ReferentieProces 1",
            "referentieproces_link": "",
            "broncatalogus_url": "",
            "broncatalogus_domein": "",
            "broncatalogus_rsin": "",
            "bronzaaktype_url": "",
            "bronzaaktype_identificatie": "",
            "bronzaaktype_omschrijving": "",
            "catalogus": 1,
            "deelzaaktypen": []
        }
    },
    {
        "model": "catalogi.zaaktype",
        "pk": 3,
        "fields": {
            "_etag": "14f58f84e33e2e7cfcb00ad68495d6b8",
            "datum_begin_geldigheid": "2018-01-01",
            "datum_einde_geldigheid": null,
            "concept": false,
            "uuid": "b98d7aa6-9c39-4fe6-aeb6-b2b1f56127f1",
            "identificatie": "",
            "zaaktype_omschrijving": "incentivize cross-media architectures",
            "zaaktype_omschrijving_generiek": "",
            "vertrouwelijkheidaanduiding": "",
            "doel": "Property month start how three discuss type against. Game week foreign approach seat.",
            "aanleiding": "During score husband idea. Need under television we modern into reflect. Possible capital walk me woman.",
            "toelichting": "",
            "indicatie_intern_of_extern": "intern",
            "handeling_initiator": "aanvragen",
            "onderwerp": "Geboorte",
            "handeling_behandelaar": "uitvoeren",
            "doorlooptijd_behandeling": "P30D",
            "servicenorm_behandeling": null,
            "opschorting_en_aanhouding_mogelijk": true,
            "verlenging_mogelijk": true,
            "verlengingstermijn": "P30D",
            "trefwoorden": "[]",
            "publicatie_indicatie": false,
            "publicatietekst": "",
            "verantwoordingsrelatie": "[]",
            "versiedatum": "2018-01-01",
            "verantwoordelijke": "100000002",
            "producten_of_diensten": "[\"https://example.com/product/123\"]",
            "selectielijst_procestype": "",
            "selectielijst_procestype_jaar": 2017,
            "referentieproces_naam": "ReferentieProces 2",
            "referentieproces_link": "",
            "broncatalogus_url": "",
            "broncatalogus_domein": "",
            "broncatalogus_rsin": "",
            "bronzaaktype_url": "",
            "bronzaaktype_identificatie": "",
            "bronzaaktype_omschrijving": "",
            "catalogus": 1,
            "deelzaaktypen": []
        }
    },
    {
        "model": "config.internalservice",
        "pk": 1,
        "fields": {
            "api_type": "ac",
            "enabled": true
        }
    },
    {
        "model": "config.internalservice",
        "pk": 2,
        "fields": {
            "api_type": "zrc",
            "enabled": true
        }
    },
    {
        "model": "config.internalservice",
        "pk": 3,
        "fields": {
            "api_type": "ztc",
            "enabled": true
        }
    },
    {
        "model": "config.internalservice",
        "pk": 4,
        "fields": {
            "api_type": "drc",
            "enabled": true
        }
    },
    {
        "model": "config.internalservice",
        "pk": 5,
        "fields": {
            "api_type": "brc",
            "enabled": true
        }
    },
    {
        "model": "selectielijst.referentielijstconfig",
        "pk": 1,
        "fields": {
            "api_root": "https://selectielijst.openzaak.nl/api/v1/",
            "allowed_years": "[\"2017\", \"2020\"]",
            "default_year": 2020
        }
    }
]